subject_id,lesson_id,seq,audio_file,text,est_sec
1,1-1,001,1-1-001.mp3,"足場の組立て等の業務に係る特別教育、科目一、足場及び作業の方法に関する知識を始めます。",9
1,1-1,002,1-1-002.mp3,"この科目は三時間あり、四つの単元に分かれています。",5
1,1-1,003,1-1-003.mp3,"最初の単元では、足場の種類、材料、構造、そして組立図について学びます。",7
1,1-1,004,1-1-004.mp3,"皆さんが毎日さわっている材料に、どんな決まりがあるのか。なぜその形をしているのか。",8
1,1-1,005,1-1-005.mp3,"それを知っているかどうかで、現場での判断が変わります。",5
1,1-1,006,1-1-006.mp3,"まずは、足場とは何か、というところから始めます。",5
1,1-1,007,1-1-007.mp3,"足場の組立てとは、単体の仮設機材を複数組み合わせて、作業足場などの仮設構造物を完成させることをいいます。",10
1,1-1,008,1-1-008.mp3,"組み合わせて構造物にする、というところが要点です。",5
1,1-1,009,1-1-009.mp3,"ですから、うま足場や脚立足場も、複数の機材を組み合わせて作れば、足場に含まれます。",8
1,1-1,010,1-1-010.mp3,"一方で、軽量作業台やアルミニウム合金製の可搬式作業台のように、単独の機材を置いて使う場合は、足場の組立てには含まれません。",12
1,1-1,011,1-1-011.mp3,"この区別は、特別教育が必要かどうかにも関わってきます。",5
1,1-1,012,1-1-012.mp3,"自分がこれから行う作業が、足場の組立てにあたるのかどうか。まずそこを意識してください。",9
1,1-1,013,1-1-013.mp3,"そして足場は、そこで作業する人だけのものではありません。",6
1,1-1,014,1-1-014.mp3,"後から塗装や左官、板金の職人が乗ります。近所の人がその下を歩きます。",7
1,1-1,015,1-1-015.mp3,"自分が組んだ足場に、明日は誰が乗るのか。それを考えられるかどうかが、職人の分かれ目になります。",9
1,1-1,016,1-1-016.mp3,"足場に求められる条件は、大きく三つあります。安全性、作業性、経済性です。",7
1,1-1,017,1-1-017.mp3,"一つ目の安全性。これは二つの意味があります。",4
1,1-1,018,1-1-018.mp3,"一つは、各種の荷重に対して壊れないこと。人の重さ、材料の重さ、風の力、地震の揺れに耐えることです。",10
1,1-1,019,1-1-019.mp3,"もう一つは、墜落と飛来落下を防げること。手すりや幅木といった設備が備わっていることです。",9
1,1-1,020,1-1-020.mp3,"強度があっても、囲いがなければ人は落ちます。両方そろって初めて安全といえます。",8
1,1-1,021,1-1-021.mp3,"二つ目の作業性。作業をするうえで十分な床面積があること。",6
1,1-1,022,1-1-022.mp3,"そして、現場での加工が要らず、設置と撤去が速いことです。",6
1,1-1,023,1-1-023.mp3,"床が狭ければ、人は無理な姿勢をとります。無理な姿勢が墜落につながります。",7
1,1-1,024,1-1-024.mp3,"作業性は、快適さの話ではなく、安全の話でもあるということです。",6
1,1-1,025,1-1-025.mp3,"三つ目の経済性。耐用年数が長く、足場として必要十分な性能を持っていること。",7
1,1-1,026,1-1-026.mp3,"安ければよい、というものではありません。傷んだ材料を使い続けることは、経済性ではなく危険です。",9
1,1-1,027,1-1-027.mp3,"この三つの条件を、場所と目的と用途に合わせて満たすこと。それが足場を選ぶということです。",9
1,1-1,028,1-1-028.mp3,"では、足場の種類を見ていきます。",3
1,1-1,029,1-1-029.mp3,"足場は、使用形態から大きく二つに分かれます。屋内作業用と、屋外作業用です。",7
1,1-1,030,1-1-030.mp3,"まず屋内作業用から。",2
1,1-1,031,1-1-031.mp3,"脚立足場は、脚立を二台以上並べて、その上に足場板を渡したものです。",7
1,1-1,032,1-1-032.mp3,"天井の内装工事や設備工事など、比較的低い高さの作業で使われます。",6
1,1-1,033,1-1-033.mp3,"簡単に組めるぶん、事故も多い足場です。脚立の開き止めを確実にかけること。",7
1,1-1,034,1-1-034.mp3,"足場板は、両端が十分にかかるようにし、跳ね上がらないよう固定すること。",7
1,1-1,035,1-1-035.mp3,"そして、脚立の天板の上には乗らないこと。この三つは徹底してください。",7
1,1-1,036,1-1-036.mp3,"うま足場も、考え方は同じです。うまと呼ぶ架台の上に足場板を渡します。",7
1,1-1,037,1-1-037.mp3,"ローリングタワーは、脚にキャスターの付いた移動式の足場です。",6
1,1-1,038,1-1-038.mp3,"高い位置での点検や設備工事に使われますが、移動できることが弱点にもなります。",8
1,1-1,039,1-1-039.mp3,"作業中は必ずキャスターを固定すること。人を乗せたまま移動しないこと。",7
1,1-1,040,1-1-040.mp3,"そして、アウトリガーを張り出して、転倒しないようにすることです。",6
1,1-1,041,1-1-041.mp3,"可搬式作業台は、いわゆる立ち馬です。手すり付きのものも増えています。",7
1,1-1,042,1-1-042.mp3,"単独で置いて使うぶんには足場の組立てにはあたりませんが、上で作業する危険は同じです。",8
1,1-1,043,1-1-043.mp3,"天板の上で背伸びをする、体を大きく乗り出す。この二つが転落の原因になります。",8
1,1-1,044,1-1-044.mp3,"次に、屋外作業用の足場です。代表的なものが三つあります。",6
1,1-1,045,1-1-045.mp3,"わく組足場、くさび緊結式足場、そして単管足場です。",5
1,1-1,046,1-1-046.mp3,"まず、わく組足場から見ていきます。",3
1,1-1,047,1-1-047.mp3,"わく組足場を構成する部材を、一つずつ確認します。",5
1,1-1,048,1-1-048.mp3,"建枠は、二本の脚柱を横架材でつないだ門型の部材です。これが柱と梁を兼ねています。",8
1,1-1,049,1-1-049.mp3,"脚柱の上端にはジョイントがあり、上の建枠を差し込んで積み上げていきます。",7
1,1-1,050,1-1-050.mp3,"抜け止めのため、アームロックや連結ピンで固定します。ここを忘れると、風で建枠が浮きます。",9
1,1-1,051,1-1-051.mp3,"交差筋かいは、建枠と建枠のあいだに斜めに掛ける部材です。足場が平行四辺形に変形するのを防ぎます。",10
1,1-1,052,1-1-052.mp3,"床付き布枠は、布材と作業床が一体になった部材です。掛けるだけで床と水平材の両方になります。",9
1,1-1,053,1-1-053.mp3,"掛けたあとは、必ず外れ止めのロックを掛けてください。ロックを忘れた床は、端に乗った瞬間に跳ね上がります。",10
1,1-1,054,1-1-054.mp3,"脚部にはジャッキ型ベース金具を使い、高さを調整します。その下には敷板を敷きます。",8
1,1-1,055,1-1-055.mp3,"そして脚部どうしを根がらみでつなぎます。",4
1,1-1,056,1-1-056.mp3,"わく組足場は部材が大きく、一つひとつが重い。だから二人以上での受け渡しが基本になります。",9
1,1-1,057,1-1-057.mp3,"無理に一人で持ち上げようとして、バランスを崩す。これが組立て中の墜落で最も多い形です。",9
1,1-1,058,1-1-058.mp3,"門型をした建枠と、交差筋かいを組み合わせて積み上げていく足場です。",7
1,1-1,059,1-1-059.mp3,"部材の点数が少なく、強度が高いため、中高層の建築工事や、広い面での使用に向いています。",9
1,1-1,060,1-1-060.mp3,"構成する材料は、建枠、交差筋かい、床付き布枠、脚部のジャッキベース、そして敷板です。",8
1,1-1,061,1-1-061.mp3,"上に伸ばすときは建枠を継ぎ、ジョイントで固定します。",5
1,1-1,062,1-1-062.mp3,"わく組足場の墜落防止は、交差筋かいだけでは足りません。",5
1,1-1,063,1-1-063.mp3,"交差筋かいに加えて、高さ十五センチメートルから四十センチメートルの位置に、下さんを設けます。",9
1,1-1,064,1-1-064.mp3,"さらに安全な措置として、上さんを追加することが望ましいとされています。",7
1,1-1,065,1-1-065.mp3,"そして飛来落下を防ぐため、高さ十センチメートル以上の幅木を設けます。",7
1,1-1,066,1-1-066.mp3,"現場でよく見る「筋かいがあるから大丈夫」という考えは、いまの基準では通りません。",8
1,1-1,067,1-1-067.mp3,"次が、くさび緊結式足場です。皆さんが最もよく使う足場だと思います。",7
1,1-1,068,1-1-068.mp3,"支柱に緊結部が取り付けられていて、そこに手すりや踏板のくさびを差し込み、ハンマーで打ち込んで固定します。",10
1,1-1,069,1-1-069.mp3,"この緊結部を、現場ではコマと呼びます。",4
1,1-1,070,1-1-070.mp3,"コマは、四百五十ミリメートルのピッチで支柱に付いています。",6
1,1-1,071,1-1-071.mp3,"この四百五十という寸法が、手すりや踏板を取り付ける高さの基準になります。",7
1,1-1,072,1-1-072.mp3,"支柱の長さも、この寸法を基準に決められています。",5
1,1-1,073,1-1-073.mp3,"組立てと解体が速く、部材が軽い。だから戸建住宅の外部足場で最も多く使われています。",8
1,1-1,074,1-1-074.mp3,"構成する材料は、支柱、手すり、踏板、ブラケット、ジャッキ、そして敷板です。",7
1,1-1,075,1-1-075.mp3,"支柱の上端にはジョイントがあり、上の支柱を差し込んで継いでいきます。",7
1,1-1,076,1-1-076.mp3,"くさび緊結式の弱点は、打ち込みが甘いと抜けることです。",5
1,1-1,077,1-1-077.mp3,"くさびは、必ずハンマーで確実に打ち込みます。手で押し込んだだけでは緊結したことになりません。",9
1,1-1,078,1-1-078.mp3,"解体のときも同じです。抜くときは下から叩き上げる。無理にこじると、部材もコマも傷みます。",9
1,1-1,079,1-1-079.mp3,"くさび緊結式足場の各部を、もう少し細かく見ます。",5
1,1-1,080,1-1-080.mp3,"支柱は、長さによって呼び名が変わります。三・六メートル、一・八メートル、〇・九メートルといった規格があります。",11
1,1-1,081,1-1-081.mp3,"これを組み合わせて、必要な高さにします。継ぐ位置が一列に並ばないよう、ずらして配置するのが基本です。",10
1,1-1,082,1-1-082.mp3,"手すりは、スパンの長さに合わせた寸法のものを使います。一・八メートル、一・二メートル、〇・六メートルなどです。",11
1,1-1,083,1-1-083.mp3,"踏板は、両端のフックを布材や手すりに引っ掛けて使います。フックには外れ止めが付いています。",9
1,1-1,084,1-1-084.mp3,"この外れ止めを掛けていない踏板は、端を踏んだときに跳ね上がります。必ず確認してください。",9
1,1-1,085,1-1-085.mp3,"ブラケットは、支柱の外側に張り出して、踏板を受ける部材です。大ブラケット、小ブラケットがあります。",10
1,1-1,086,1-1-086.mp3,"ジャッキは、脚部の高さを微調整する部材です。ねじを回して上下させます。",7
1,1-1,087,1-1-087.mp3,"上げ幅には限度があります。伸ばしすぎたジャッキは、そこが弱点になります。",7
1,1-1,088,1-1-088.mp3,"敷板は、地盤への力を分散させる板です。ジャッキを直接土の上に置いてはいけません。",8
1,1-1,089,1-1-089.mp3,"地盤が悪ければ、敷板を重ねる、鉄板を敷くといった対応をとります。",6
1,1-1,090,1-1-090.mp3,"近年は、次世代足場と呼ばれる規格の足場も普及しています。",6
1,1-1,091,1-1-091.mp3,"従来のくさび緊結式を改良したもので、支柱の緊結部の間隔や、階の高さの取り方が見直されています。",9
1,1-1,092,1-1-092.mp3,"階高が高くとられているため、頭がぶつかりにくく、姿勢が楽になります。",7
1,1-1,093,1-1-093.mp3,"無理な姿勢が減れば、それだけ転落の危険も減ります。",5
1,1-1,094,1-1-094.mp3,"また、手すりを先に上げる工法に対応した部材が、はじめから用意されています。",7
1,1-1,095,1-1-095.mp3,"床と建地のすき間が小さくなるよう設計されたものもあります。",6
1,1-1,096,1-1-096.mp3,"現場で扱う足場が、従来型なのか次世代型なのか。部材の互換性はどうか。",7
1,1-1,097,1-1-097.mp3,"違う規格の部材を混ぜて使うことはできません。搬入された材料がどの規格なのか、必ず確認してください。",10
1,1-1,098,1-1-098.mp3,"三つ目が、単管足場です。単管パイプをクランプで留めていきます。",6
1,1-1,099,1-1-099.mp3,"自由度が高く、狭い場所や変形した敷地に対応できます。その一方で、締め付けの管理が難しくなります。",10
1,1-1,100,1-1-100.mp3,"単管足場には、寸法の基準が細かく定められています。",5
1,1-1,101,1-1-101.mp3,"建地の間隔は、けた行方向を一・八五メートル以下、はり間方向を一・五メートル以下とします。",9
1,1-1,102,1-1-102.mp3,"建地の間の積載荷重は、四百キログラムを限度とします。",5
1,1-1,103,1-1-103.mp3,"地上第一の布は、高さ二メートル以下の位置に設けます。",5
1,1-1,104,1-1-104.mp3,"そして、建地の最高部から測って三十一メートルを超える部分の建地は、原則として鋼管を二本組とします。",10
1,1-1,105,1-1-105.mp3,"ただし、建地の下端に作用する設計荷重が最大使用荷重を超えないときは、二本組としないことができるとされています。",11
1,1-1,106,1-1-106.mp3,"接続部や交差部は、それに適合した金具を用いて緊結します。",6
1,1-1,107,1-1-107.mp3,"筋かいで補強すること、脚部の滑動や沈下を防ぐためにベース金具と敷板を用い、根がらみを設けること。",10
1,1-1,108,1-1-108.mp3,"これらは、どの足場にも共通する考え方です。",4
1,1-1,109,1-1-109.mp3,"このほかにも、いくつかの足場があります。",4
1,1-1,110,1-1-110.mp3,"つり足場は、上から吊り下げる足場です。橋りょうの下面や、天井裏の作業で使われます。",8
1,1-1,111,1-1-111.mp3,"支えが下にないため、つり材が切れれば一気に落ちます。特に厳しい管理が求められます。",8
1,1-1,112,1-1-112.mp3,"張出し足場は、建物から腕木を張り出して、その上に組む足場です。",6
1,1-1,113,1-1-113.mp3,"移動昇降式足場は、動力で作業床が昇り降りするものです。",5
1,1-1,114,1-1-114.mp3,"連層足場は、外壁面に沿って何層にもわたって設けられる足場です。",6
1,1-1,115,1-1-115.mp3,"つり足場について、もう少し説明します。",4
1,1-1,116,1-1-116.mp3,"つり足場は、上からチェーンやワイヤロープで吊り下げ、その下に作業床を作る足場です。",8
1,1-1,117,1-1-117.mp3,"橋りょうの塗装や点検、大きな建物の天井裏の工事などで使われます。",6
1,1-1,118,1-1-118.mp3,"下に支柱がありません。つり材が切れれば、足場ごと落ちます。",6
1,1-1,119,1-1-119.mp3,"だからつり材の点検が厳しく求められ、作業主任者の選任も義務づけられています。",8
1,1-1,120,1-1-120.mp3,"つり足場の上では、常に墜落制止用器具を使います。作業中だけでなく、待機しているあいだも同じです。",10
1,1-1,121,1-1-121.mp3,"実際に、つり足場の上で待機していた作業者が、橋桁のフランジに乗ってチェーンを調整しようとして墜落した災害が起きています。",12
1,1-1,122,1-1-122.mp3,"作業をしていないから大丈夫、という時間はありません。",5
1,1-1,123,1-1-123.mp3,"張出し足場は、建物から腕木を張り出して、その上に組む足場です。",6
1,1-1,124,1-1-124.mp3,"下から支柱で支えられないため、腕木の固定と、跳ね上がりを防ぐ控えが重要になります。",8
1,1-1,125,1-1-125.mp3,"つり足場、張出し足場、そして高さ五メートル以上の構造の足場。",6
1,1-1,126,1-1-126.mp3,"この三つの組立て、解体、変更の作業では、作業主任者を選任しなければなりません。",8
1,1-1,127,1-1-127.mp3,"足場には、人が昇り降りするための設備も組み込まれます。",5
1,1-1,128,1-1-128.mp3,"くさび式やわく組足場では、階段枠や昇降階段を組み込むのが一般的です。",7
1,1-1,129,1-1-129.mp3,"はしごを使う場合は、上端を作業床から六十センチメートル以上突き出すなど、決められた設置の仕方があります。",10
1,1-1,130,1-1-130.mp3,"昇降設備は、後から付けるものではなく、組立図の段階で位置が決められているものです。",8
1,1-1,131,1-1-131.mp3,"階段があるのに、近道だからと支柱をよじ登る。これが、昇降中の墜落の典型です。",8
1,1-1,132,1-1-132.mp3,"遠回りに見えても、決められた昇降路を使ってください。",5
1,1-1,133,1-1-133.mp3,"つり足場、張出し足場、そして高さ五メートル以上の構造の足場。",6
1,1-1,134,1-1-134.mp3,"この三つの組立て、解体、変更の作業では、作業主任者を選任しなければなりません。",8
1,1-1,135,1-1-135.mp3,"特別教育を修了しただけでは、これらの作業は行えません。この点は科目四でもう一度確認します。",9
1,1-1,136,1-1-136.mp3,"続いて、材料についてです。",3
1,1-1,137,1-1-137.mp3,"足場に使う材料には、規格があります。強度、寸法、めっきの厚さなどが定められています。",8
1,1-1,138,1-1-138.mp3,"現場で使うのは、その規格に適合したものだけです。自分で溶接して延ばした、というような材料は使えません。",10
1,1-1,139,1-1-139.mp3,"鋼管の寸法にも規格があります。単管足場に使う鋼管は、外径が四十八・六ミリメートルのものが標準です。",10
1,1-1,140,1-1-140.mp3,"この寸法だからこそ、どのメーカーのクランプでも留められます。",6
1,1-1,141,1-1-141.mp3,"表面には、さびを防ぐためのめっきが施されています。",5
1,1-1,142,1-1-142.mp3,"めっきがはがれ、地肌が出て赤さびが浮いている部材は、断面が減っている可能性があります。",9
1,1-1,143,1-1-143.mp3,"また、仮設機材には、一般社団法人仮設工業会の認定を受けた製品があります。",7
1,1-1,144,1-1-144.mp3,"認定品には表示があります。どこのメーカーの、いつの製品かが分かるようになっています。",8
1,1-1,145,1-1-145.mp3,"表示が読めなくなるほど傷んだ部材は、素性の分からない部材です。使わないでください。",8
1,1-1,146,1-1-146.mp3,"材料は、置き方でも傷みます。",3
1,1-1,147,1-1-147.mp3,"泥の上に直接置く、雨ざらしにする、上に重い物を積む。こうした扱いが、変形とさびを進めます。",9
1,1-1,148,1-1-148.mp3,"使い終わったら、種類ごとに分けて、枕木を敷いて整理して置く。",6
1,1-1,149,1-1-149.mp3,"整理整頓は、見た目の問題ではなく、材料の寿命と安全の問題です。",6
1,1-1,150,1-1-150.mp3,"そして、現場に持ち込む前に選別すること。上げてしまえば、誰も見分けられません。",8
1,1-1,151,1-1-151.mp3,"材料を受け入れるときにも、やることがあります。",5
1,1-1,152,1-1-152.mp3,"まず数量の確認です。図面どおりの本数がそろっているか。足りなければ、途中で組めなくなります。",9
1,1-1,153,1-1-153.mp3,"足りないまま組み進めて、あるもので代用する。これが図面と違う足場を生みます。",8
1,1-1,154,1-1-154.mp3,"次に、部材の呼び名をそろえることです。",4
1,1-1,155,1-1-155.mp3,"同じ部材でも、地域や会社によって呼び方が違うことがあります。",6
1,1-1,156,1-1-156.mp3,"呼び名が食い違ったまま指示を出すと、違う材料が上がってきます。",6
1,1-1,157,1-1-157.mp3,"作業前の打ち合わせで、この現場ではこう呼ぶ、と決めておいてください。",7
1,1-1,158,1-1-158.mp3,"そして返却のときにも選別します。傷んだ部材をそのまま倉庫へ戻せば、次の現場でまた誰かが手に取ります。",10
1,1-1,159,1-1-159.mp3,"使えない材料をそこで止めることも、自分の仕事のうちです。",6
1,1-1,160,1-1-160.mp3,"そして最も大切なのが、著しい損傷、変形、または腐食のある材料を使ってはならない、という原則です。",10
1,1-1,161,1-1-161.mp3,"曲がった支柱。つぶれたコマ。ひび割れた踏板。さびの浮いたクランプ。",7
1,1-1,162,1-1-162.mp3,"これらは、見た目には使えそうでも、設計どおりの強度が出ません。",6
1,1-1,163,1-1-163.mp3,"現場に上がってしまえば、それを見分けるのは難しくなります。だから、上げる前に外すのです。",9
1,1-1,164,1-1-164.mp3,"作業者は、搬入された部材に変形や腐食などの不良品を見つけたら、作業主任者または作業指揮者へ報告します。",10
1,1-1,165,1-1-165.mp3,"自分で判断して脇へ置くだけでは足りません。報告して、確実に現場から除くところまでが仕事です。",9
1,1-1,166,1-1-166.mp3,"「これくらいなら使える」という一本が、後から崩れる原因になります。",7
1,1-1,167,1-1-167.mp3,"報告することは、手間ではなく、予防です。",4
1,1-1,168,1-1-168.mp3,"次に、足場の構造と、各部の名称を確認します。",4
1,1-1,169,1-1-169.mp3,"垂直に立つ柱を、建地といいます。くさび足場では支柱と呼ぶことが多い部材です。",8
1,1-1,170,1-1-170.mp3,"建地をつなぐ水平材のうち、けた行方向に渡すものを布、はり間方向に渡すものを腕木といいます。",9
1,1-1,171,1-1-171.mp3,"作業をする床が、作業床です。踏板、布板、床付き布枠などが使われます。",7
1,1-1,172,1-1-172.mp3,"脚部には、沈下や滑動を防ぐために敷板を敷き、ベース金具やジャッキを据えます。",8
1,1-1,173,1-1-173.mp3,"そして脚部どうしをつなぐ水平材が、根がらみです。",5
1,1-1,174,1-1-174.mp3,"足場が水平方向に変形しないよう、斜めに入れる部材が筋かい、あるいは火打ちです。",8
1,1-1,175,1-1-175.mp3,"足場を建物につなぎとめる部材が、壁つなぎです。",5
1,1-1,176,1-1-176.mp3,"墜落を防ぐのが手すりと中さん、物の落下を防ぐのが幅木とメッシュシート。役割が違います。",9
1,1-1,177,1-1-177.mp3,"この二つを混同しないでください。手すりがあるから物が落ちない、ということはありません。",9
1,1-1,178,1-1-178.mp3,"足場にかかる荷重についても、考え方を知っておいてください。",6
1,1-1,179,1-1-179.mp3,"足場には、四つの力がかかります。",3
1,1-1,180,1-1-180.mp3,"一つ目は、足場そのものの重さ。これを自重といいます。",5
1,1-1,181,1-1-181.mp3,"二つ目は、人と材料の重さ。これが積載荷重です。",5
1,1-1,182,1-1-182.mp3,"三つ目は、風の力。四つ目は、雪の重さです。",4
1,1-1,183,1-1-183.mp3,"このうち、現場で最も見落とされやすいのが風です。",5
1,1-1,184,1-1-184.mp3,"足場は、隙間だらけのときは風が抜けます。しかしメッシュシートを張ると、面で風を受けるようになります。",10
1,1-1,185,1-1-185.mp3,"同じ足場でも、シートを張った瞬間に、まったく違う力がかかるということです。",7
1,1-1,186,1-1-186.mp3,"その力を建物に逃がすのが、壁つなぎの役目です。",5
1,1-1,187,1-1-187.mp3,"壁つなぎが足りない足場にシートを張れば、倒れます。実際にそういう事故が起きています。",8
1,1-1,188,1-1-188.mp3,"自重、積載、風、雪。この四つに耐えられる構造かどうかを決めているのが、組立図です。",8
1,1-1,189,1-1-189.mp3,"作業床には、はっきりとした基準があります。",4
1,1-1,190,1-1-190.mp3,"高さ二メートル以上の作業場所に設ける作業床は、幅を四十センチメートル以上とします。",8
1,1-1,191,1-1-191.mp3,"床材の間のすき間は、三センチメートル以下とします。",5
1,1-1,192,1-1-192.mp3,"そして、床材と建地とのすき間は、十二センチメートル未満とします。",6
1,1-1,193,1-1-193.mp3,"この十二センチという数字は、平成二十七年の改正で加わったものです。",7
1,1-1,194,1-1-194.mp3,"床と建地のあいだが空いていると、人はそこから落ちます。実際に、その隙間からの墜落が起きています。",10
1,1-1,195,1-1-195.mp3,"床材は、ぐらつかないように、二か所以上で支持物に取り付けます。",6
1,1-1,196,1-1-196.mp3,"跳ね上がりや、ずれにも注意が要ります。",4
1,1-1,197,1-1-197.mp3,"手すりは、高さ八十五センチメートル以上のものを設けます。",6
1,1-1,198,1-1-198.mp3,"中さんは、高さ三十五センチメートルから五十センチメートルの位置に設けます。",7
1,1-1,199,1-1-199.mp3,"幅木は、高さ十センチメートル以上のものを設けます。",5
1,1-1,200,1-1-200.mp3,"荷重についても、決まりがあります。",3
1,1-1,201,1-1-201.mp3,"足場には、最大積載荷重が定められています。この重さを超える材料を載せてはいけません。",8
1,1-1,202,1-1-202.mp3,"そして事業者は、その最大積載荷重を、作業者が見やすい場所に表示しなければなりません。",8
1,1-1,203,1-1-203.mp3,"現場で表示を見かけたら、それが自分たちへの制限だと理解してください。",7
1,1-1,204,1-1-204.mp3,"材料をまとめて一か所に積むと、その部分だけ荷重が集中します。",6
1,1-1,205,1-1-205.mp3,"重い材料は、分散して置く。使う場所の近くに、必要なぶんだけ上げる。",7
1,1-1,206,1-1-206.mp3,"これは効率の話ではなく、足場が壊れないための話です。",5
1,1-1,207,1-1-207.mp3,"これらの数字は、覚えるためのものではなく、現場で確かめるためのものです。",7
1,1-1,208,1-1-208.mp3,"組んだあと、自分の足場がこの基準を満たしているか。目で見て確かめてください。",8
1,1-1,209,1-1-209.mp3,"最後に、組立図についてです。",3
1,1-1,210,1-1-210.mp3,"組立図とは、使用する材料、寸法、そして使用する高さを示した図面のことです。",7
1,1-1,211,1-1-211.mp3,"立面図と平面図があり、どこに壁つなぎを取るか、どこに階段を設けるかまで描かれています。",9
1,1-1,212,1-1-212.mp3,"組立図の読み方を、少しだけ確認します。",4
1,1-1,213,1-1-213.mp3,"立面図は、足場を横から見た図です。何段組むのか、各段の高さはいくつか、階段はどこに付くのかが分かります。",10
1,1-1,214,1-1-214.mp3,"平面図は、上から見た図です。建物のまわりをどう囲むのか、スパンの割り付けはどうなっているのかが分かります。",11
1,1-1,215,1-1-215.mp3,"図面には凡例があります。壁つなぎ、階段、朝顔などが記号で示されています。",7
1,1-1,216,1-1-216.mp3,"寸法は、通り芯や建物の外面を基準に追っていきます。",5
1,1-1,217,1-1-217.mp3,"自分が担当する面が、図面のどこにあたるのか。作業前に必ず確かめてください。",7
1,1-1,218,1-1-218.mp3,"現場が図面どおりにいかないことは、実際にあります。",5
1,1-1,219,1-1-219.mp3,"隣地が近い、電線がある、地盤が下がっている。そうしたときこそ、勝手に判断しないことです。",9
1,1-1,220,1-1-220.mp3,"作業主任者や作業指揮者に報告し、どうするかを決めてもらう。それが正しい手順です。",8
1,1-1,221,1-1-221.mp3,"足場は、この組立図に従って組みます。",4
1,1-1,222,1-1-222.mp3,"現場の都合で、勝手に建地を抜いたり、壁つなぎを省いたりしてはいけません。",7
1,1-1,223,1-1-223.mp3,"変更が必要になったときは、作業主任者や作業指揮者に報告し、組立図そのものを直します。",8
1,1-1,224,1-1-224.mp3,"図面と違う足場は、誰も強度を保証できない足場になります。",6
1,1-1,225,1-1-225.mp3,"組立図とあわせて、作業手順書があります。",4
1,1-1,226,1-1-226.mp3,"どの順番で、誰が、何を、どう気をつけて行うか。それを書いたものです。",7
1,1-1,227,1-1-227.mp3,"作業者は、作業主任者や作業指揮者から組立図と作業手順書の説明を受けます。",7
1,1-1,228,1-1-228.mp3,"組立ての手順と、安全上の留意点を十分に理解したうえで作業にあたること。",7
1,1-1,229,1-1-229.mp3,"分からないところは、その場で聞いてください。",4
1,1-1,230,1-1-230.mp3,"分からないまま動くことが、不安全行動になります。",5
1,1-1,231,1-1-231.mp3,"聞くのは恥ではありません。聞かずに事故を起こすほうが、はるかに大きな損失です。",8
1,1-1,232,1-1-232.mp3,"この単元の最後に、現場でよく聞く言い分を三つ取り上げます。",6
1,1-1,233,1-1-233.mp3,"一つ目、「交さ筋かいがあるから、下さんは要らない」。",5
1,1-1,234,1-1-234.mp3,"交さ筋かいは、足場の変形を防ぐ部材です。人が体を預けても落ちない、という前提の設備ではありません。",10
1,1-1,235,1-1-235.mp3,"だから、交さ筋かいに加えて下さんを設けることとされています。役割が違うのです。",8
1,1-1,236,1-1-236.mp3,"二つ目、「少しのあいだだから、手すりを外したままでいい」。",6
1,1-1,237,1-1-237.mp3,"その少しのあいだに落ちた人が、実際に何人もいます。",5
1,1-1,238,1-1-238.mp3,"外したら、その作業が終わり次第、直ちに元に戻す。これは決まりであって、判断の余地はありません。",9
1,1-1,239,1-1-239.mp3,"三つ目、「この材料、少し曲がっているけど、たぶん大丈夫」。",6
1,1-1,240,1-1-240.mp3,"たぶん、で組んだ足場に、明日は他職の人が乗ります。自分だけの問題ではありません。",8
1,1-1,241,1-1-241.mp3,"この三つは、どれも悪意から出た言葉ではありません。段取りを優先した結果、出てくる言葉です。",9
1,1-1,242,1-1-242.mp3,"だからこそ、決まりを知っている人が、その場で止める必要があります。",7
1,1-1,243,1-1-243.mp3,"なお、現場によっては組立図が用意されていないことがあります。",6
1,1-1,244,1-1-244.mp3,"小規模な工事だから、いつもと同じだから、という理由で省かれることがある。",7
1,1-1,245,1-1-245.mp3,"しかし、図面が無ければ、部材の数も壁つなぎの位置も、誰も確かめようがありません。",8
1,1-1,246,1-1-246.mp3,"組立図が無いまま始めようとしたら、現場責任者に確認してください。それも作業者の役目です。",9
1,1-1,247,1-1-247.mp3,"足場は仮設物です。しかし、仮設だから多少の狂いは許される、ということはありません。",8
1,1-1,248,1-1-248.mp3,"そこに人が乗り、その上で人が働き、その下を人が歩きます。本設の建物と同じだけの責任があります。",9
1,1-1,249,1-1-249.mp3,"その責任を果たすための知識が、この単元の内容です。",5
1,1-1,250,1-1-250.mp3,"この単元のまとめです。",2
1,1-1,251,1-1-251.mp3,"足場の組立てとは、複数の仮設機材を組み合わせて仮設構造物を作ること。うま足場や脚立足場も含まれます。",10
1,1-1,252,1-1-252.mp3,"足場に求められるのは、安全性、作業性、経済性の三つ。",5
1,1-1,253,1-1-253.mp3,"屋外の主な足場は、わく組足場、くさび緊結式足場、単管足場。それぞれに寸法の基準があります。",9
1,1-1,254,1-1-254.mp3,"著しい損傷、変形、腐食のある材料は使わない。見つけたら報告する。",6
1,1-1,255,1-1-255.mp3,"作業床は幅四十センチ以上、床材間のすき間は三センチ以下、床材と建地のすき間は十二センチ未満。",9
1,1-1,256,1-1-256.mp3,"手すりは八十五センチ以上、中さんは三十五から五十センチ、幅木は十センチ以上。",8
1,1-1,257,1-1-257.mp3,"そして、組立図と作業手順書に従って組むこと。",4
1,1-1,258,1-1-258.mp3,"次の単元では、実際の組立て、解体、変更の作業の方法を学びます。",6
1,1-2,001,1-2-001.mp3,"ここでは、足場を組み立て、解体し、変更するときの作業の方法を学びます。",7
1,1-2,002,1-2-002.mp3,"この単元では、足場を組み立て、解体し、変更するときの作業の方法を学びます。",7
1,1-2,003,1-2-003.mp3,"科目一の中で最も長い、六十分の単元です。",4
1,1-2,004,1-2-004.mp3,"皆さんが毎日やっていることの、根拠と順序を確認していきます。",6
1,1-2,005,1-2-005.mp3,"最初に申し上げておきます。手順は、誰かが決めた面倒な決まりではありません。",7
1,1-2,006,1-2-006.mp3,"過去に人が落ちて、人が死んで、その原因を潰してきた積み重ねが、いまの手順です。",8
1,1-2,007,1-2-007.mp3,"だから、手順を飛ばすということは、同じ事故をもう一度やり直すということになります。",8
1,1-2,008,1-2-008.mp3,"まず、どの足場にも共通する四つの場面があります。作業開始前、部材の点検、作業中、そして作業終了後です。",10
1,1-2,009,1-2-009.mp3,"作業開始前には、安全に作業するための注意事項と遵守事項の説明を聞きます。",7
1,1-2,010,1-2-010.mp3,"作業開始前に決まっていなければならないことが、いくつかあります。",6
1,1-2,011,1-2-011.mp3,"一つ目は、その日の作業の範囲と、組立て等の時期です。いつ、どこまで組むのか。",8
1,1-2,012,1-2-012.mp3,"これは、作業に従事する労働者に周知させなければならないとされています。",7
1,1-2,013,1-2-013.mp3,"二つ目は、作業を行う区域内への、関係労働者以外の立入りを禁止することです。",7
1,1-2,014,1-2-014.mp3,"他職が入ってくれば、上下作業になります。物を落とせば当たります。",6
1,1-2,015,1-2-015.mp3,"三つ目は、悪天候のため作業の実施について危険が予想されるときは、作業を中止することです。",9
1,1-2,016,1-2-016.mp3,"四つ目は、足場材の緊結、取り外し、受け渡しなどの作業を行うときの措置です。",7
1,1-2,017,1-2-017.mp3,"幅四十センチメートル以上の作業床を設けること。ただし、作業床を設けることが困難なときは除かれます。",10
1,1-2,018,1-2-018.mp3,"そして、墜落制止用器具を取り付ける設備を設け、それを使用させることです。",7
1,1-2,019,1-2-019.mp3,"親綱や、手すりわく、親綱支柱がその設備にあたります。",5
1,1-2,020,1-2-020.mp3,"五つ目は、材料や器具、工具を上げたり下ろしたりするときに、つり綱やつり袋を使わせることです。",9
1,1-2,021,1-2-021.mp3,"この五つは、事業者が講じなければならない措置です。",5
1,1-2,022,1-2-022.mp3,"作業者としては、これらが用意されているかを見て、なければ声を上げてください。",8
1,1-2,023,1-2-023.mp3,"親綱が張られていない現場で、掛けるところが無いまま上がる。それが最も危ない状態です。",8
1,1-2,024,1-2-024.mp3,"作業手順書に目を通して理解し、墜落制止用器具など保護具の正しい使い方の指導を受けます。",9
1,1-2,025,1-2-025.mp3,"分からない点をそのままにしないでください。分からないまま動くことが、不安全行動になります。",9
1,1-2,026,1-2-026.mp3,"次に部材の点検です。搬入された部材に変形や腐食などの不良品を見つけたら、作業主任者または作業指揮者へ報告します。",11
1,1-2,027,1-2-027.mp3,"不良部材をそのまま使えば、それが災害の原因になります。報告することが予防になります。",8
1,1-2,028,1-2-028.mp3,"作業中は、作業手順書に従って進めます。不具合が生じたら作業主任者に報告し、自分の判断で手順を変えないこと。",11
1,1-2,029,1-2-029.mp3,"報告、連絡、相談を怠らないことです。",4
1,1-2,030,1-2-030.mp3,"作業終了後は、部材を片付け、整理整頓をして、現場が不安全な状態になっていないか確認します。",9
1,1-2,031,1-2-031.mp3,"片付けには、もう一つ意味があります。",4
1,1-2,032,1-2-032.mp3,"その日の終わりに、足場が中途半端な状態で残っていないかを確かめることです。",7
1,1-2,033,1-2-033.mp3,"手すりが付いていない段、踏板が一枚だけ抜けている箇所、まだ緊結していない部材。",8
1,1-2,034,1-2-034.mp3,"自分たちは分かっていても、翌朝いちばんに来た人には分かりません。",6
1,1-2,035,1-2-035.mp3,"危険な箇所には立入禁止の表示をするか、その日のうちに直しておく。",6
1,1-2,036,1-2-036.mp3,"翌日の朝礼で言えばいい、という考えは通りません。夜間や早朝に、他の業者が入ることもあります。",9
1,1-2,037,1-2-037.mp3,"ここからは、実際の組立ての順序です。",4
1,1-2,038,1-2-038.mp3,"組立ては、現場に着いてから始まるわけではありません。",5
1,1-2,039,1-2-039.mp3,"まず、敷地の状況を見ます。地盤は締まっているか、雨で緩んでいないか。",7
1,1-2,040,1-2-040.mp3,"隣地との境界はどこか。道路にどれだけ出るのか。",5
1,1-2,041,1-2-041.mp3,"そして、上を見ます。架空電線は通っていないか。木の枝は張り出していないか。",7
1,1-2,042,1-2-042.mp3,"支柱を起こしたときに、その先が何に当たるのか。これは組む前にしか確認できません。",8
1,1-2,043,1-2-043.mp3,"次に資材の割り付けです。組立図に合わせて、どこにどの部材を置くかを決めます。",8
1,1-2,044,1-2-044.mp3,"手すりはスパンごとに並べる。内柱の入る箇所を決める。ジャッキは柱の立つ位置に置く。",8
1,1-2,045,1-2-045.mp3,"段取りが整っていないと、作業の途中で人が資材を探しに降りることになります。",7
1,1-2,046,1-2-046.mp3,"その往復が、時間を食い、集中を切らし、事故のもとになります。",6
1,1-2,047,1-2-047.mp3,"段取り八分、という言葉は、安全の話でもあるということです。",6
1,1-2,048,1-2-048.mp3,"組立ては脚部から始まります。敷板を敷き、その上にジャッキを据えます。",7
1,1-2,049,1-2-049.mp3,"地盤が沈んだり滑ったりすると、上の段ほど大きな狂いになります。脚部の精度が全体を決めます。",9
1,1-2,050,1-2-050.mp3,"次に、基準となる一本目の支柱を立てます。多くの場合、建物の出隅が基準になります。",8
1,1-2,051,1-2-051.mp3,"基準の柱を立てたら、根がらみでつなぎます。根がらみは脚部の滑動と沈下を止める材です。",8
1,1-2,052,1-2-052.mp3,"続いて、建物との離れを測ります。離れが決まらないうちに水平を出しても、後で動いてしまいます。",9
1,1-2,053,1-2-053.mp3,"離れを合わせ、踏板を受ける材を取り付けてから、ジャッキで水平を出します。この順番を崩さないでください。",10
1,1-2,054,1-2-054.mp3,"水平を出すときは、基準の柱を動かしてはいけません。基準を動かすと、そこから先が全部狂います。",9
1,1-2,055,1-2-055.mp3,"くさび緊結式足場の、脚部の具体的な手順を追ってみます。",5
1,1-2,056,1-2-056.mp3,"まず、基準となる一本目の柱を立てます。多くは建物の出隅です。",6
1,1-2,057,1-2-057.mp3,"その柱の、二方向のコマに根がらみ手すりを入れます。片側だけでは自立しません。",8
1,1-2,058,1-2-058.mp3,"続いて、両隣の柱を立てます。どちらから立てても構いません。",6
1,1-2,059,1-2-059.mp3,"柱が立ったら、その柱ごとに、離れを測り、受け材を取り付け、それから水平を出します。",8
1,1-2,060,1-2-060.mp3,"この順番には理由があります。離れが決まらないうちに水平を出しても、後で柱を動かせば狂います。",9
1,1-2,061,1-2-061.mp3,"受け材を付ける前に水平を出しても、材が乗った時点で沈みます。",6
1,1-2,062,1-2-062.mp3,"水平は、ジャッキを回して調整します。動かすのは、いま立てた柱のジャッキです。",8
1,1-2,063,1-2-063.mp3,"基準の柱を動かしてはいけません。基準が動けば、そこから先の全部が狂います。",7
1,1-2,064,1-2-064.mp3,"そして進行方向を決めて、その側のコマに根がらみ手すりを入れ、次の柱を立てていきます。",8
1,1-2,065,1-2-065.mp3,"内柱が入る箇所では、内柱を立て、踏板の高さで手すりを入れて外柱とつなぎます。",8
1,1-2,066,1-2-066.mp3,"つないでから、支柱に水平器を当てて調整する。つなぐ前に見ても、内柱はまだ動きます。",8
1,1-2,067,1-2-067.mp3,"こうして脚部が一周すると、その上の段の精度が決まります。",6
1,1-2,068,1-2-068.mp3,"脚部でついた一ミリの狂いは、上の段で十ミリになります。ここが一番大事な工程です。",8
1,1-2,069,1-2-069.mp3,"次に、わく組足場の組立て手順を追います。",4
1,1-2,070,1-2-070.mp3,"まず、地盤に敷板を敷き、その上にジャッキ型ベース金具を据えて高さをそろえます。",8
1,1-2,071,1-2-071.mp3,"次に、建枠を立てます。建枠は一人では持ちにくいので、二人で受け渡すのが基本です。",8
1,1-2,072,1-2-072.mp3,"建枠を立てたら、すぐに交差筋かいを掛けて、自立する形にします。",6
1,1-2,073,1-2-073.mp3,"筋かいを掛けないまま次の建枠を立てると、風や接触で簡単に倒れます。",7
1,1-2,074,1-2-074.mp3,"続いて、床付き布枠を掛けます。掛けたら必ず外れ止めのロックを掛けてください。",8
1,1-2,075,1-2-075.mp3,"ロックの掛け忘れは、端に乗った瞬間の跳ね上がりにつながります。",6
1,1-2,076,1-2-076.mp3,"そして、上さん、下さん、幅木を取り付けます。交差筋かいだけでは墜落防止になりません。",8
1,1-2,077,1-2-077.mp3,"ここまでで一段です。上に伸ばすときは、下の段で手すりを先に上げてから、次の建枠を継ぎます。",9
1,1-2,078,1-2-078.mp3,"建枠の継ぎ目には、アームロックや連結ピンで抜け止めをします。",6
1,1-2,079,1-2-079.mp3,"所定の高さごとに、壁つなぎを取ります。組み上がってからまとめて取るのではありません。",8
1,1-2,080,1-2-080.mp3,"一段ごとに壁つなぎを取りながら上げていく。これが基本です。",6
1,1-2,081,1-2-081.mp3,"階段枠や昇降階段は、組立ての進行に合わせて設置します。",5
1,1-2,082,1-2-082.mp3,"後回しにすると、その間ずっと支柱をよじ登ることになります。",6
1,1-2,083,1-2-083.mp3,"単管足場の場合も、考え方は同じです。",4
1,1-2,084,1-2-084.mp3,"敷板の上にベース金具を据え、建地を立てます。建地の間隔は決まった寸法を守ります。",8
1,1-2,085,1-2-085.mp3,"建地を立てたら根がらみを回し、脚部を固めます。",5
1,1-2,086,1-2-086.mp3,"次に布を渡します。地上第一の布は、高さ二メートル以下の位置に設けます。",7
1,1-2,087,1-2-087.mp3,"布と直交する向きに腕木を掛け、その上に足場板を敷きます。",6
1,1-2,088,1-2-088.mp3,"足場板は、両端を支持物に確実にかけ、跳ね上がらないように固定します。",7
1,1-2,089,1-2-089.mp3,"単管足場で最も多い不具合が、クランプの締め忘れと締め不足です。",6
1,1-2,090,1-2-090.mp3,"クランプは、規定のトルクまで確実に締めます。手応えで判断しないでください。",7
1,1-2,091,1-2-091.mp3,"そして、直交クランプと自在クランプの使い分けです。",5
1,1-2,092,1-2-092.mp3,"直角に交わる主要な部材には、直交クランプを使います。自在クランプは筋かいなど斜材に使います。",9
1,1-2,093,1-2-093.mp3,"強度が違うので、間に合わせで使い分けを崩さないこと。",5
1,1-2,094,1-2-094.mp3,"筋かいで補強し、所定の間隔で壁つなぎを取る。ここも他の足場と同じです。",7
1,1-2,095,1-2-095.mp3,"作業床には要件があります。高さ二メートル以上の作業場所では、幅四十センチ以上とすること。",9
1,1-2,096,1-2-096.mp3,"床材の間のすき間は三センチ以下、床材と建地とのすき間は十二センチ未満とすることとされています。",9
1,1-2,097,1-2-097.mp3,"手摺は高さ八十五センチ以上、中さんは三十五センチから五十センチの位置に設けます。",8
1,1-2,098,1-2-098.mp3,"わく組足場では、交さ筋かいに加えて、高さ十五センチから四十センチの位置に下さんを設けます。",9
1,1-2,099,1-2-099.mp3,"物の落下を防ぐ幅木は、高さ十センチ以上のものを設けます。",6
1,1-2,100,1-2-100.mp3,"床を張る前に、手摺を上げます。これが手すり先行工法の考え方です。",6
1,1-2,101,1-2-101.mp3,"手すり先行工法には、いくつかの方式があります。",5
1,1-2,102,1-2-102.mp3,"一つは、手すり先送り方式。下の段から、上の段の手すりを先に取り付けてから、その段に上がる方式です。",10
1,1-2,103,1-2-103.mp3,"もう一つは、手すり据置き方式。作業床を取り外した後も、手すりをその段に残しておく方式です。",9
1,1-2,104,1-2-104.mp3,"そして、手すり先行専用足場工法。あらかじめ手すりが組み込まれた部材を使う方式です。",8
1,1-2,105,1-2-105.mp3,"方式は違っても、狙いは同じです。作業床に人が乗る前に、その床を囲っておくこと。",8
1,1-2,106,1-2-106.mp3,"解体のときも同じ考え方です。手すりは、その段の作業がすべて終わってから、最後に外します。",9
1,1-2,107,1-2-107.mp3,"床を先に抜いて、手すりだけが残っている状態。これは正しい姿です。",6
1,1-2,108,1-2-108.mp3,"逆に、手すりを先に外して、床だけが残っている状態。これが最も危ない姿です。",7
1,1-2,109,1-2-109.mp3,"現場で足場を見たとき、この二つを見分けられるようになってください。",7
1,1-2,110,1-2-110.mp3,"なお、足場先行工法という言葉もあります。",4
1,1-2,111,1-2-111.mp3,"これは、建物の躯体工事を始める前に、先に足場を組んでしまう考え方です。",7
1,1-2,112,1-2-112.mp3,"後から必要になるたびに足場を継ぎ足すのではなく、はじめから安全な作業床を用意しておく。",9
1,1-2,113,1-2-113.mp3,"手すり先行工法も足場先行工法も、国のガイドラインで示されている考え方です。",7
1,1-2,114,1-2-114.mp3,"昇降設備についても、作業の方法として押さえておきます。",5
1,1-2,115,1-2-115.mp3,"足場には、必ず昇り降りするための設備を設けます。階段枠、昇降階段、あるいは固定はしごです。",9
1,1-2,116,1-2-116.mp3,"はしごを使う場合は、上端を作業床から六十センチメートル以上突き出させ、確実に固定します。",9
1,1-2,117,1-2-117.mp3,"昇降するときは、手に物を持たないのが原則です。",5
1,1-2,118,1-2-118.mp3,"工具は腰袋に、材料はつり袋や荷上げ設備で上げます。",5
1,1-2,119,1-2-119.mp3,"両手が空いていないと、体を支えられません。足を滑らせた瞬間に落ちます。",7
1,1-2,120,1-2-120.mp3,"そして、三点支持です。両手両足のうち、常に三点が足場に触れている状態を保ちます。",8
1,1-2,121,1-2-121.mp3,"組立ての途中、まだ階段が付いていない段に上がることがあります。",6
1,1-2,122,1-2-122.mp3,"そのときは、必ず墜落制止用器具を使い、掛けるところを確保してから上がってください。",8
1,1-2,123,1-2-123.mp3,"近道は、事故への近道です。",3
1,1-2,124,1-2-124.mp3,"床を先に張ると、手摺の無い床の上で手摺を取り付けることになります。その数分が、墜落の起きる時間です。",10
1,1-2,125,1-2-125.mp3,"作業の必要上、臨時に墜落防止設備を取り外したときは、その作業が終わった後、直ちに元の状態に戻さなければなりません。",11
1,1-2,126,1-2-126.mp3,"また、その箇所には関係労働者以外の立入りを禁止します。",5
1,1-2,127,1-2-127.mp3,"解体は、組立ての逆順で行います。手摺はその段の作業が終わってから、最後に外します。",8
1,1-2,128,1-2-128.mp3,"解体の手順を、もう少し具体的に見ます。",4
1,1-2,129,1-2-129.mp3,"解体は上から順に行います。最上段のメッシュシートや幅木といった付帯物から外していきます。",9
1,1-2,130,1-2-130.mp3,"シートは風の抵抗になるので、早い段階で外します。",5
1,1-2,131,1-2-131.mp3,"次に、その段の踏板を外します。このとき、手すりはまだ残っています。",7
1,1-2,132,1-2-132.mp3,"踏板を外したら、受け材、そして手すり、最後に支柱の順です。",6
1,1-2,133,1-2-133.mp3,"壁つなぎは、その上の足場が無くなってから外します。",5
1,1-2,134,1-2-134.mp3,"まだ上に足場が残っているのに壁つなぎを外せば、その瞬間に足場は自立できなくなります。",8
1,1-2,135,1-2-135.mp3,"強風のなか、解体中の足場が崩れて道路をふさいだ事故が実際に起きています。",7
1,1-2,136,1-2-136.mp3,"それから、大ばらしについてです。",3
1,1-2,137,1-2-137.mp3,"大きな一区画をまとめて地上に降ろして解体する方法を、現場では大ばらしと呼びます。",8
1,1-2,138,1-2-138.mp3,"手早く見えますが、つり上げた区画が不安定になり、途中で崩れる危険があります。",8
1,1-2,139,1-2-139.mp3,"計画にない大ばらしは行わないでください。作業主任者の指示なしに判断してはいけません。",8
1,1-2,140,1-2-140.mp3,"解体した部材は、つり綱やつり袋、荷下ろし設備で下ろします。",6
1,1-2,141,1-2-141.mp3,"下には人を入れず、立入禁止の措置をとります。合図は確実に、できれば無線を使います。",8
1,1-2,142,1-2-142.mp3,"実際に、上下の合図が伝わらないまま荷が降りてきて、手すりに引っかかり、手を挟まれた災害が起きています。",10
1,1-2,143,1-2-143.mp3,"急いでいるときほど、合図が雑になります。そこが事故の入口です。",6
1,1-2,144,1-2-144.mp3,"作業区域の話をします。",2
1,1-2,145,1-2-145.mp3,"足場の組立て、解体、変更の作業を行う区域には、関係労働者以外を立ち入らせてはいけません。",9
1,1-2,146,1-2-146.mp3,"これは規則で定められた措置です。",3
1,1-2,147,1-2-147.mp3,"区域はロープやコーンで囲い、立入禁止の表示をします。口頭で伝えるだけでは足りません。",8
1,1-2,148,1-2-148.mp3,"特に注意が要るのが、上下作業です。",3
1,1-2,149,1-2-149.mp3,"上で組立てをしているとき、その真下で別の作業をしている。この状態を作らないことです。",8
1,1-2,150,1-2-150.mp3,"上から物を落とせば、必ず当たります。落とさないようにする、では防げません。",7
1,1-2,151,1-2-151.mp3,"そもそも下に人を入れない。それが対策です。",4
1,1-2,152,1-2-152.mp3,"他職の職長と、作業の時間帯をずらす調整をしてください。",5
1,1-2,153,1-2-153.mp3,"そして、道路や隣地に面する側では、通行人が第三者になります。",6
1,1-2,154,1-2-154.mp3,"監視員を配置する、通行止めの時間を設ける、朝顔を先に設ける。現場に応じた措置が必要です。",9
1,1-2,155,1-2-155.mp3,"材料の搬入と搬出についても触れておきます。",4
1,1-2,156,1-2-156.mp3,"足場の高い位置へ材料を上げるときは、荷受けステージを設けることがあります。",7
1,1-2,157,1-2-157.mp3,"荷受けステージは、材料を一時的に置く張り出した床です。",5
1,1-2,158,1-2-158.mp3,"ここには大きな荷重がかかります。強度と、最大積載荷重の表示が必要です。",7
1,1-2,159,1-2-159.mp3,"クレーンで荷を上げるときは、つり荷の下に入らないこと。",5
1,1-2,160,1-2-160.mp3,"介錯ロープを使って荷を誘導し、荷に直接手を触れないこと。",6
1,1-2,161,1-2-161.mp3,"上下の合図は、確実に伝わる方法で行います。無線を使うのが確実です。",7
1,1-2,162,1-2-162.mp3,"実際に、上下の合図が伝わらないまま荷が降りてきて、足場の手すりに引っかかった災害があります。",9
1,1-2,163,1-2-163.mp3,"引っかかった荷を手で外そうとして、手すりの建地とのあいだに手を挟まれました。",8
1,1-2,164,1-2-164.mp3,"荷が引っかかったときは、まず無線で荷を一度上げてもらい、位置を直す。手で外さないことです。",9
1,1-2,165,1-2-165.mp3,"壁つなぎは、上の足場が無くなってから外します。残っているうちに外すと、足場が倒れます。",9
1,1-2,166,1-2-166.mp3,"材料や工具を上げ下ろしするときは、つり綱やつり袋を使います。投げ下ろしは禁止です。",8
1,1-2,167,1-2-167.mp3,"作業区域には、関係者以外を立ち入らせないでください。",5
1,1-2,168,1-2-168.mp3,"最後に、変更の作業について触れます。",4
1,1-2,169,1-2-169.mp3,"変更とは、いったん完成した足場に手を加えることです。",5
1,1-2,170,1-2-170.mp3,"たとえば、資材を搬入するために踏板や手すりを一時的に外す。",6
1,1-2,171,1-2-171.mp3,"荷受けステージを設ける。開口部を作る。段を継ぎ足す。",5
1,1-2,172,1-2-172.mp3,"こうした作業も、組立てや解体と同じく特別教育の対象であり、同じ注意が必要です。",8
1,1-2,173,1-2-173.mp3,"むしろ変更のほうが危険なことがあります。",4
1,1-2,174,1-2-174.mp3,"すでに他職が使っている足場だからです。自分が外した手すりの先で、別の職人が作業しています。",9
1,1-2,175,1-2-175.mp3,"変更するときは、必ず作業主任者や作業指揮者に報告し、関係者に周知してから行います。",8
1,1-2,176,1-2-176.mp3,"そして、作業が終わったら直ちに元の状態に戻す。これは規則にも明記されています。",8
1,1-2,177,1-2-177.mp3,"外したままにして帰る。これが、翌日の墜落災害になります。",6
1,1-2,178,1-2-178.mp3,"自分が最後に手を触れた足場が、そのまま人の乗る足場になる。",6
1,1-2,179,1-2-179.mp3,"そう考えられるかどうかが、特別教育を受けた者と、そうでない者の違いです。",7
1,1-2,180,1-2-180.mp3,"作業の方法を支えるのが、作業前の打ち合わせです。",5
1,1-2,181,1-2-181.mp3,"その日の作業内容、手順、役割分担、そして危険なポイントを全員で確認します。",7
1,1-2,182,1-2-182.mp3,"危険予知活動、いわゆるケーワイです。",4
1,1-2,183,1-2-183.mp3,"今日の作業のどこに危険があるか。それをどう防ぐか。全員で出し合って、一つに絞ります。",8
1,1-2,184,1-2-184.mp3,"形だけの唱和では意味がありません。今日この現場で、自分が落ちるとしたらどこか。",8
1,1-2,185,1-2-185.mp3,"それを一人ひとりが具体的に思い浮かべられれば、KYは機能します。",6
1,1-2,186,1-2-186.mp3,"作業中は、指差呼称を使います。",3
1,1-2,187,1-2-187.mp3,"外れ止めよし、くさびよし、フックよし。声に出して指をさす。",6
1,1-2,188,1-2-188.mp3,"手だけで確認したつもりになるのを防ぐためです。",5
1,1-2,189,1-2-189.mp3,"そして、中断から再開するときが危ないということも覚えておいてください。",7
1,1-2,190,1-2-190.mp3,"昼休みの後、雨で中断した後、他の応援に行った後。",5
1,1-2,191,1-2-191.mp3,"自分がどこまでやったかの記憶と、実際の状態がずれます。",5
1,1-2,192,1-2-192.mp3,"再開するときは、必ず現状を見てから手を出してください。",5
1,1-2,193,1-2-193.mp3,"最後に、戸建住宅の足場について補足します。",4
1,1-2,194,1-2-194.mp3,"戸建で多く使われるのが、一側足場と呼ばれる形式です。",5
1,1-2,195,1-2-195.mp3,"本足場が外柱と内柱の二列で組むのに対し、一側足場は外柱一列を基本とします。",7
1,1-2,196,1-2-196.mp3,"敷地に余裕がない住宅地では、二列ぶんの幅がとれないことが多いためです。",7
1,1-2,197,1-2-197.mp3,"ただし、外柱だけでは踏板を受けられません。",4
1,1-2,198,1-2-198.mp3,"そこで、内柱を二スパンに一本程度入れて、踏板の高さで手すりを渡し、床を受けます。",8
1,1-2,199,1-2-199.mp3,"端部には必ず内柱を入れます。端は力の逃げ場がないからです。",6
1,1-2,200,1-2-200.mp3,"本足場に比べて部材が少ないぶん、一本一本の役割が大きくなります。",6
1,1-2,201,1-2-201.mp3,"内柱を一本省いた、壁つなぎを一つ飛ばした。その一つが、全体の安定を崩します。",8
1,1-2,202,1-2-202.mp3,"戸建だから簡単、ということはありません。むしろ余裕が少ないぶん、精度が要ります。",8
1,1-2,203,1-2-203.mp3,"ここからは、特別な形式の足場の作業方法に触れます。",5
1,1-2,204,1-2-204.mp3,"まず、つり足場です。つり足場は、上からチェーンやワイヤロープで吊り下げて作業床を作ります。",9
1,1-2,205,1-2-205.mp3,"組立ては、まずつり元の確認から始まります。何に、どうやって吊るのか。",7
1,1-2,206,1-2-206.mp3,"つり材を取り付ける部材が、その荷重に耐えられるかどうかを確認します。",7
1,1-2,207,1-2-207.mp3,"つりチェーンやワイヤロープは、使用前に必ず点検します。",5
1,1-2,208,1-2-208.mp3,"素線が切れている、著しく変形している、著しく腐食しているものは使用できません。",8
1,1-2,209,1-2-209.mp3,"作業床を組むときは、下に支えがないため、部材が落ちれば地上まで届きます。",7
1,1-2,210,1-2-210.mp3,"下方は必ず立入禁止にし、必要に応じて防網を設けます。",5
1,1-2,211,1-2-211.mp3,"そして、つり足場の上では、作業中も待機中も常に墜落制止用器具を使います。",7
1,1-2,212,1-2-212.mp3,"解体のときは、つり材を最後まで残します。先に外せば、床ごと落ちます。",7
1,1-2,213,1-2-213.mp3,"つり足場は、作業主任者を選任すべき作業です。必ず指揮のもとで行ってください。",8
1,1-2,214,1-2-214.mp3,"張出し足場も同じ考え方です。建物から腕木を張り出し、その上に組みます。",7
1,1-2,215,1-2-215.mp3,"腕木の固定と、跳ね上がりを防ぐ控えが要になります。",5
1,1-2,216,1-2-216.mp3,"腕木が動けば、その上の全部が動きます。固定を確認してから乗ってください。",7
1,1-2,217,1-2-217.mp3,"移動式の足場、ローリングタワーについても押さえておきます。",6
1,1-2,218,1-2-218.mp3,"組み立てたら、まず脚部のアウトリガーを張り出します。",5
1,1-2,219,1-2-219.mp3,"作業中は、必ずキャスターを固定します。ブレーキを掛けるだけでなく、ロックまで確認します。",9
1,1-2,220,1-2-220.mp3,"そして、人を乗せたまま移動させないこと。これは絶対です。",6
1,1-2,221,1-2-221.mp3,"移動するときは全員が降り、材料も降ろしてから、床の段差や障害物を見て動かします。",8
1,1-2,222,1-2-222.mp3,"脚立足場やうま足場は、簡単に組めるぶん、事故も多い足場です。",6
1,1-2,223,1-2-223.mp3,"脚立は開き止めを確実に掛け、水平な場所に据えます。",5
1,1-2,224,1-2-224.mp3,"足場板は両端が十分にかかるようにし、跳ね上がらないよう固定します。",7
1,1-2,225,1-2-225.mp3,"そして、脚立の天板の上には乗らないこと。",4
1,1-2,226,1-2-226.mp3,"低いから大丈夫、という高さはありません。一メートルの高さから頭から落ちれば、人は死にます。",9
1,1-2,227,1-2-227.mp3,"戸建住宅の現場特有の注意点にも触れておきます。",5
1,1-2,228,1-2-228.mp3,"住宅地の現場は、とにかく余裕がありません。",4
1,1-2,229,1-2-229.mp3,"隣地との境界が近く、部材を回す空間がない。道路にはみ出せば通行人が通る。",7
1,1-2,230,1-2-230.mp3,"そういう場所では、部材を振り回さないこと。長い手すりを持って振り向くだけで、隣家の壁や窓に当たります。",10
1,1-2,231,1-2-231.mp3,"持ち替えるときは、一度立ち止まり、周りを見てから動く。",5
1,1-2,232,1-2-232.mp3,"屋根まわりの作業も戸建特有です。軒先から足場へ移る、屋根の上で作業する。",7
1,1-2,233,1-2-233.mp3,"屋根からの転落を防ぐため、軒先の高さに手すりを設けます。",6
1,1-2,234,1-2-234.mp3,"屋根に上がる前に、その手すりが取り付けられているかを必ず確認してください。",7
1,1-2,235,1-2-235.mp3,"そして、屋根から足場へ飛び移らないこと。実際に、飛び移った先の足場板が固定されておらず、板ごと転落した死亡災害があります。",12
1,1-2,236,1-2-236.mp3,"冬期や積雪期には、踏板の凍結にも注意が要ります。前日の雨が朝には凍っています。",8
1,1-2,237,1-2-237.mp3,"最後に、人についての話をします。",3
1,1-2,238,1-2-238.mp3,"災害事例を見ていくと、経験の浅い若い作業者の被災が目立ちます。",6
1,1-2,239,1-2-239.mp3,"十八歳、経験ゼロ年の作業者が、下から持ち上げた足場材の端で顔を打った災害があります。",8
1,1-2,240,1-2-240.mp3,"上の作業者が引き上げたときに手を放し、その材料の端が当たったものでした。",7
1,1-2,241,1-2-241.mp3,"原因として挙げられたのは、危険予知が不十分だったこと、そして経験のない年少者であったことです。",9
1,1-2,242,1-2-242.mp3,"経験の浅い者は、何が危ないかを知りません。だから避けられません。",6
1,1-2,243,1-2-243.mp3,"ベテランは、そのことを前提に指示を出す必要があります。",5
1,1-2,244,1-2-244.mp3,"どこに立つか、どこに立ってはいけないか。それを言葉にして伝えてください。",7
1,1-2,245,1-2-245.mp3,"そして、部材の受け渡しは二人一組が基本です。",4
1,1-2,246,1-2-246.mp3,"重い部材を一人で受け取ろうとして体勢を崩す。これが組立て中の墜落の典型です。",8
1,1-2,247,1-2-247.mp3,"無理だと思ったら、無理だと言うこと。それが言える現場が、事故の少ない現場です。",8
1,1-2,248,1-2-248.mp3,"最後にもう一つ、作業手順書について触れておきます。",5
1,1-2,249,1-2-249.mp3,"作業手順書は、誰かが机の上で作る書類ではありません。実際に作業する人の動きから作ります。",9
1,1-2,250,1-2-250.mp3,"作り方には順序があります。まず、単位作業を決めます。今日やる作業のまとまりを一つ決める。",9
1,1-2,251,1-2-251.mp3,"たとえば、わく組足場の三層目の組立て作業、といった単位です。",6
1,1-2,252,1-2-252.mp3,"次に、その作業の内容を分解します。何をして、次に何をするか。細かい動作に分けていきます。",9
1,1-2,253,1-2-253.mp3,"分解したら、最も良い順番に並べ替えます。安全で、無駄がなく、手戻りのない順です。",8
1,1-2,254,1-2-254.mp3,"そして、それぞれの手順に急所を決めます。急所とは、そこを外すと事故になる、という要点です。",9
1,1-2,255,1-2-255.mp3,"親綱を建わくに掛けて、下の段から、十メートル以下の間隔で。こうした具体的な言葉にします。",9
1,1-2,256,1-2-256.mp3,"最後に、誰がその手順を行うのかを書き、準備作業、本作業、後片付け作業に区分します。",8
1,1-2,257,1-2-257.mp3,"できあがった手順書は、作業前に全員で読み合わせます。",5
1,1-2,258,1-2-258.mp3,"読み合わせのときに、自分の担当する手順の急所を、自分の言葉で言えるかどうか。",8
1,1-2,259,1-2-259.mp3,"言えなければ、まだ理解していないということです。その場で聞いてください。",7
1,1-2,260,1-2-260.mp3,"そして、実際にやってみて手順が現場に合わなければ、手順書のほうを直します。",7
1,1-2,261,1-2-261.mp3,"手順書に現場を無理に合わせると、必ずどこかで無理な動きが出ます。",6
1,1-2,262,1-2-262.mp3,"手順書は、守らせるための書類ではなく、全員が同じ動きをするための道具です。",7
1,1-2,263,1-2-263.mp3,"その日の作業を終えるときの、引き継ぎについても触れておきます。",6
1,1-2,264,1-2-264.mp3,"現場は、翌日も同じ人が入るとは限りません。応援が入れ替わることもあります。",7
1,1-2,265,1-2-265.mp3,"だから、その日どこまで進んだか、どこが未完成かを、形に残して引き継ぎます。",7
1,1-2,266,1-2-266.mp3,"口頭だけでは伝わりません。ホワイトボードに書く、写真を撮って共有する。",7
1,1-2,267,1-2-267.mp3,"特に伝えるべきは三つです。手すりを外した箇所。まだ緊結していない箇所。そして立入禁止にした箇所。",10
1,1-2,268,1-2-268.mp3,"この三つを書き残すだけで、翌朝の事故はかなり減ります。",5
1,1-2,269,1-2-269.mp3,"自分が知っていることは、他人は知らない。その前提で引き継いでください。",7
1,1-2,270,1-2-270.mp3,"作業の方法について、最後に一つだけ。",4
1,1-2,271,1-2-271.mp3,"手順を守ることは、遅くなることではありません。",5
1,1-2,272,1-2-272.mp3,"手順どおりにやれば、迷わず、探さず、戻らずに進みます。結果として速くなります。",8
1,1-2,273,1-2-273.mp3,"急いで飛ばした手順は、必ずどこかで手戻りになります。そして、その手戻りの途中で人が落ちます。",9
1,1-2,274,1-2-274.mp3,"正しい手順が、いちばん速い手順です。",4
1,1-2,275,1-2-275.mp3,"そしてもう一つ。作業手順は、会社の財産です。",4
1,1-2,276,1-2-276.mp3,"誰かが工夫して見つけた、安全で速いやり方。それを手順書に落として、全員で共有する。",8
1,1-2,277,1-2-277.mp3,"先輩の背中を見て覚えろ、では、その人が辞めたら消えてしまいます。",6
1,1-2,278,1-2-278.mp3,"手順を言葉にして残すことが、次の世代を守ることになります。",6
1,1-2,279,1-2-279.mp3,"この単元のまとめです。",2
1,1-2,280,1-2-280.mp3,"作業開始前に、時期の周知、立入禁止、悪天候時の中止、作業床と墜落制止用器具の設備、つり綱の使用。",10
1,1-2,281,1-2-281.mp3,"この五つが講じられているかを確認してから上がること。",5
1,1-2,282,1-2-282.mp3,"組立ては脚部から。離れを測り、受け材を付けてから水平を出す。基準の柱は動かさない。",8
1,1-2,283,1-2-283.mp3,"床を張る前に手すりを上げる。手すり先行工法には先送り、据置き、専用足場の三方式がある。",9
1,1-2,284,1-2-284.mp3,"解体は上から順に。手すりは最後、壁つなぎは上の足場が無くなってから。",7
1,1-2,285,1-2-285.mp3,"変更の作業は、他職が使っている足場に手を加える作業。外したら直ちに元に戻す。",8
1,1-2,286,1-2-286.mp3,"作業区域には関係者以外を入れない。上下作業を作らない。",5
1,1-2,287,1-2-287.mp3,"材料の上げ下ろしはつり綱やつり袋で。合図は確実に。",5
1,1-2,288,1-2-288.mp3,"そして、中断から再開するときが最も危ない。必ず現状を見てから手を出すこと。",7
1,1-2,289,1-2-289.mp3,"次の単元では、組み上がった足場の点検と補修について学びます。",6
1,1-3,001,1-3-001.mp3,"この単元では、点検と補修について学びます。",4
1,1-3,002,1-3-002.mp3,"組み立てた足場は、そこで終わりではありません。使われているあいだ、ずっと変わり続けます。",9
1,1-3,003,1-3-003.mp3,"人が乗り、材料が載り、風が吹き、雨が降り、他職が手を加えます。",6
1,1-3,004,1-3-004.mp3,"組んだ日と同じ状態のまま、というほうがむしろ珍しいのです。",6
1,1-3,005,1-3-005.mp3,"だから、使う前に見る。それが点検です。",4
1,1-3,006,1-3-006.mp3,"点検は、書類を作るための作業ではありません。今日その足場に乗る人を守るための作業です。",9
1,1-3,007,1-3-007.mp3,"足場は、組み立てて終わりではありません。使う前の点検が必要です。",6
1,1-3,008,1-3-008.mp3,"点検が必要なのは、組み立てた後、一部を解体したり変更した後、そして悪天候の後です。",8
1,1-3,009,1-3-009.mp3,"点検には、大きく三つの場面があります。",4
1,1-3,010,1-3-010.mp3,"一つ目は、その日の作業を開始する前の点検です。毎日行います。",6
1,1-3,011,1-3-011.mp3,"つり足場を除く足場では、その日の作業を開始する前に、手すり等と幅木等の取り外しと脱落の有無を点検します。",10
1,1-3,012,1-3-012.mp3,"二つ目は、足場を組み立てた後、一部を解体した後、または変更した後の点検です。",8
1,1-3,013,1-3-013.mp3,"作業を開始する前に、足場の各部の状態を点検します。",5
1,1-3,014,1-3-014.mp3,"三つ目は、強風、大雨、大雪などの悪天候の後、または中震以上の地震の後の点検です。",8
1,1-3,015,1-3-015.mp3,"中震とは震度四のことです。地震の後は、緊結部が緩んでいることがあります。",7
1,1-3,016,1-3-016.mp3,"この三つは、それぞれ別の規定に基づくものです。",5
1,1-3,017,1-3-017.mp3,"毎日の始業前点検があるから、組立て後の点検は要らない、ということにはなりません。",8
1,1-3,018,1-3-018.mp3,"そして、足場を使わせる注文者にも点検の義務があります。",5
1,1-3,019,1-3-019.mp3,"元請が組んだ足場を下請が使う場合、注文者である元請も点検しなければなりません。",8
1,1-3,020,1-3-020.mp3,"点検し、危険のおそれがあるときは、速やかに修理する。これが求められている流れです。",8
1,1-3,021,1-3-021.mp3,"悪天候だけでなく、中震、震度四以上の地震の後も同じです。",6
1,1-3,022,1-3-022.mp3,"いずれも、その足場での作業を開始する前に行います。",5
1,1-3,023,1-3-023.mp3,"点検して、危険のおそれがあるときは、速やかに修理しなければなりません。",7
1,1-3,024,1-3-024.mp3,"点検は、あらかじめ指名された者が行います。誰が行ってもよいわけではありません。",8
1,1-3,025,1-3-025.mp3,"誰が点検するのかについて、もう少し説明します。",5
1,1-3,026,1-3-026.mp3,"組立て、一部解体、変更の後の点検は、事業者があらかじめ指名した者が行います。",8
1,1-3,027,1-3-027.mp3,"点検する者には、一定の知識と経験が求められます。",5
1,1-3,028,1-3-028.mp3,"見るべきところを知らない人が見ても、それは点検になりません。",6
1,1-3,029,1-3-029.mp3,"具体的には、足場の組立て等作業主任者の能力を持つ者、あるいは足場の設置や点検の実務経験を持つ者。",10
1,1-3,030,1-3-030.mp3,"そうした者を指名して、責任を持って見てもらうという考え方です。",6
1,1-3,031,1-3-031.mp3,"指名された者は、自分が指名されていることを自覚してください。",6
1,1-3,032,1-3-032.mp3,"「たぶん大丈夫だと思う」で通した箇所が、その日の災害になります。",6
1,1-3,033,1-3-033.mp3,"そして、点検する者だけが見ればよい、というものでもありません。",6
1,1-3,034,1-3-034.mp3,"その日その足場に乗る全員が、自分の乗る床を自分の目で見る。それが最後の砦になります。",8
1,1-3,035,1-3-035.mp3,"点検の結果、講じた措置の内容、そして点検した者の氏名を記録し、その足場を使用する作業を行う仕事が終了するまで保存します。",12
1,1-3,036,1-3-036.mp3,"記録について、もう少し詳しく説明します。",4
1,1-3,037,1-3-037.mp3,"組立て後、変更後の点検では、記録すべき事項が定められています。",6
1,1-3,038,1-3-038.mp3,"一つ、点検を行った年月日。",3
1,1-3,039,1-3-039.mp3,"二つ、点検の方法と箇所。",2
1,1-3,040,1-3-040.mp3,"三つ、点検の結果。",2
1,1-3,041,1-3-041.mp3,"四つ、点検の結果に基づいて補修などの措置を講じた場合は、その内容。",7
1,1-3,042,1-3-042.mp3,"そして、点検を行った者の氏名です。",3
1,1-3,043,1-3-043.mp3,"このうち条文で決まっているのは、結果、措置の内容、点検者の氏名の三つです。年月日と箇所は条文にはありませんが、後から追えるように点検表には入れてください。",15
1,1-3,044,1-3-044.mp3,"記録は、監督署に見せるためだけのものではありません。",5
1,1-3,045,1-3-045.mp3,"いつ、誰が、どこを見たのかが残っていれば、次に見る人が前回との差を追えます。",8
1,1-3,046,1-3-046.mp3,"先週は問題なかった箇所が今日は緩んでいる。それが分かるのは、記録があるからです。",8
1,1-3,047,1-3-047.mp3,"点検表は、現場に合わせて作ってください。項目が多すぎると、形だけの丸付けになります。",8
1,1-3,048,1-3-048.mp3,"その現場で本当に危ない箇所を、上のほうに書く。それだけで点検の質が変わります。",8
1,1-3,049,1-3-049.mp3,"見るところは、脚部の沈下と滑動、緊結部のゆるみと脱落、床材の損傷と取付けのずれです。",8
1,1-3,050,1-3-050.mp3,"あわせて、手摺などが取り外されたままになっていないか、壁つなぎに損傷が無いかを確認します。",9
1,1-3,051,1-3-051.mp3,"作業開始前の点検で見る項目を、具体的に挙げます。",5
1,1-3,052,1-3-052.mp3,"一つ目、床材の損傷、取付けの状態、そして掛渡しの状態。",5
1,1-3,053,1-3-053.mp3,"割れていないか、ずれていないか、両端が確実にかかっているか。",6
1,1-3,054,1-3-054.mp3,"二つ目、建地、布、腕木などの緊結部、接続部、取付部のゆるみ。",6
1,1-3,055,1-3-055.mp3,"くさびが浮いていないか、クランプが緩んでいないか、ピンが抜けていないか。",7
1,1-3,056,1-3-056.mp3,"三つ目、緊結材と緊結金具の損傷および腐食。",4
1,1-3,057,1-3-057.mp3,"四つ目、手すり等の取り外しおよび脱落。",4
1,1-3,058,1-3-058.mp3,"これは特に重要です。昨日誰かが外したまま帰っていないか。",6
1,1-3,059,1-3-059.mp3,"五つ目、幅木等の取付状態および脱落。",4
1,1-3,060,1-3-060.mp3,"六つ目、脚部の沈下および滑動。地盤が雨で緩んでいないか、ジャッキが傾いていないか。",8
1,1-3,061,1-3-061.mp3,"この六つを、毎朝見ます。",2
1,1-3,062,1-3-062.mp3,"全部を細かく見る必要はありません。歩きながら見て、気になったところで止まればいい。",8
1,1-3,063,1-3-063.mp3,"大事なのは、見る項目が頭に入っていることです。知らないものは、目に入っても見えません。",9
1,1-3,064,1-3-064.mp3,"組立て後、一部解体後、変更後の点検では、さらに広く見ます。",6
1,1-3,065,1-3-065.mp3,"作業開始前点検の項目に加えて、筋かい、壁つなぎ、控えの取付状態と取り外しの有無を確認します。",9
1,1-3,066,1-3-066.mp3,"壁つなぎは、決められた間隔で入っているか。組立図と照らして数えます。",7
1,1-3,067,1-3-067.mp3,"変更の作業をした箇所は、特に念入りに見ます。",4
1,1-3,068,1-3-068.mp3,"手を加えた場所こそ、元に戻し忘れが起きる場所だからです。",6
1,1-3,069,1-3-069.mp3,"そして、部材の取り付け忘れがないか。組立図と実物を突き合わせます。",7
1,1-3,070,1-3-070.mp3,"組み上がった足場は、遠目には完成して見えます。",5
1,1-3,071,1-3-071.mp3,"しかし一本足りない、一箇所緩んでいる、というのは、近づかなければ分かりません。",8
1,1-3,072,1-3-072.mp3,"全体を見て、それから一箇所ずつ近づいて見る。この二段構えで点検してください。",8
1,1-3,073,1-3-073.mp3,"異常を見つけたら、直ちに補修します。直せないうちは、その足場を使わせてはいけません。",8
1,1-3,074,1-3-074.mp3,"補修について説明します。",2
1,1-3,075,1-3-075.mp3,"異常を見つけたときの流れは、決まっています。",4
1,1-3,076,1-3-076.mp3,"まず、その箇所を使わせないこと。人が近づけないように、立入禁止の表示をします。",8
1,1-3,077,1-3-077.mp3,"危険な箇所に赤い札を掛ける、テープを張る。現場で分かる形にしてください。",7
1,1-3,078,1-3-078.mp3,"次に、作業主任者または作業指揮者に報告します。自分の判断で直し始めないこと。",8
1,1-3,079,1-3-079.mp3,"足場の変更にあたる補修は、それ自体が特別教育の対象になる作業だからです。",7
1,1-3,080,1-3-080.mp3,"そして、直します。緩んだくさびは打ち直す。外れた手すりは付け直す。",7
1,1-3,081,1-3-081.mp3,"損傷した部材は、取り替えます。曲がった部材を叩いて伸ばして使う、ということはしません。",9
1,1-3,082,1-3-082.mp3,"直したら、直したことを記録に残します。誰が、いつ、何を直したのか。",7
1,1-3,083,1-3-083.mp3,"直せないときは、直せるまで使わせない。これが最後の判断です。",6
1,1-3,084,1-3-084.mp3,"「今日だけだから」「上の人がいないから」で使わせた足場で、人が落ちます。",7
1,1-3,085,1-3-085.mp3,"止める判断をした人が責められる現場にしてはいけません。止めたことを評価する現場にしてください。",9
1,1-3,086,1-3-086.mp3,"点検の目のつけ方について、現場のコツをいくつか挙げます。",6
1,1-3,087,1-3-087.mp3,"一つ目、遠くから全体を見ることです。",4
1,1-3,088,1-3-088.mp3,"近づいて一箇所ずつ見る前に、道路の反対側まで下がって足場全体を眺めます。",7
1,1-3,089,1-3-089.mp3,"傾いている、一段だけ手すりが無い、シートが破れている。全体の異常は、離れないと見えません。",9
1,1-3,090,1-3-090.mp3,"二つ目、上から下へ見ることです。",3
1,1-3,091,1-3-091.mp3,"上の段の異常は、下に物を落とします。順序を決めておくと、見落としが減ります。",8
1,1-3,092,1-3-092.mp3,"三つ目、揺すってみることです。",3
1,1-3,093,1-3-093.mp3,"手すりを握って軽く揺する。踏板の端を踏んでみる。目で見ただけでは緩みは分かりません。",8
1,1-3,094,1-3-094.mp3,"四つ目、音を聞くことです。",3
1,1-3,095,1-3-095.mp3,"緩んだくさびは、風でカタカタと鳴ります。歩いたときに動く踏板も、音でわかります。",8
1,1-3,096,1-3-096.mp3,"五つ目、前回との差を見ることです。",3
1,1-3,097,1-3-097.mp3,"昨日と違うところはないか。他職が入った後は、必ず何かが変わっています。",7
1,1-3,098,1-3-098.mp3,"六つ目、雨の翌朝と、風の吹いた翌朝は、特に丁寧に見ることです。",6
1,1-3,099,1-3-099.mp3,"地盤が緩み、シートが煽られ、緊結部に力がかかっています。",6
1,1-3,100,1-3-100.mp3,"そして七つ目、自分が最後に触った箇所を覚えておくことです。",6
1,1-3,101,1-3-101.mp3,"昨日、自分が手すりを外した。自分が踏板を動かした。その記憶が、翌朝の点検の起点になります。",9
1,1-3,102,1-3-102.mp3,"後で直す、というつもりが、そのまま事故になります。",5
1,1-3,103,1-3-103.mp3,"作業のために手摺を一時的に取り外したときは、作業が終わったら直ちに元に戻してください。",9
1,1-3,104,1-3-104.mp3,"外したまま次の人へ引き継がないことです。",4
1,1-3,105,1-3-105.mp3,"点検を習慣にするための工夫にも触れておきます。",5
1,1-3,106,1-3-106.mp3,"点検表を、足場の昇降口に掛けておく現場があります。",5
1,1-3,107,1-3-107.mp3,"上がる前に必ず目に入る場所に置くことで、点検が作業の一部になります。",7
1,1-3,108,1-3-108.mp3,"また、点検の結果を朝礼で共有する現場もあります。",5
1,1-3,109,1-3-109.mp3,"今日は南面の三段目の壁つなぎを直した、という一言があるだけで、全員の注意が向きます。",8
1,1-3,110,1-3-110.mp3,"写真を撮って残す方法もあります。異常箇所と、直した後の状態を並べて残す。",7
1,1-3,111,1-3-111.mp3,"後から見て、何をどう直したかが分かります。",4
1,1-3,112,1-3-112.mp3,"大切なのは、点検を特別な行事にしないことです。",5
1,1-3,113,1-3-113.mp3,"毎朝、当たり前にやる。当たり前になったとき、初めて災害が減ります。",7
1,1-3,114,1-3-114.mp3,"部材ごとに、どこを見るのかを具体的に見ていきます。",5
1,1-3,115,1-3-115.mp3,"まず支柱です。全体の曲がりを見ます。地面に寝かせて、目線を低くして端から見通すと分かります。",9
1,1-3,116,1-3-116.mp3,"次に緊結部、コマです。ポケットが変形していないか。くさびを差したときに、がたつかないか。",9
1,1-3,117,1-3-117.mp3,"コマが潰れていると、くさびが奥まで入りません。打っても効かない緊結になります。",8
1,1-3,118,1-3-118.mp3,"支柱の上端のジョイントも見ます。曲がっていると、上の支柱が真っ直ぐ入りません。",8
1,1-3,119,1-3-119.mp3,"手すりは、くさび部分を見ます。くさびが摩耗して痩せていると、打ち込んでも抜けやすくなります。",9
1,1-3,120,1-3-120.mp3,"溶接部に亀裂がないかも確認します。特に、くさびと本体のつなぎ目です。",7
1,1-3,121,1-3-121.mp3,"踏板は、フックと外れ止めを見ます。フックが開いていないか、外れ止めが動くか。",8
1,1-3,122,1-3-122.mp3,"床面の腐食や穴あきも見ます。踏み抜きにつながります。",5
1,1-3,123,1-3-123.mp3,"ブラケットは、根元の溶接部と、変形の有無です。荷重が集中する部材です。",7
1,1-3,124,1-3-124.mp3,"ジャッキは、ねじ山を見ます。潰れていると回らなくなり、無理に回して壊します。",8
1,1-3,125,1-3-125.mp3,"泥や砂を噛んだまま回すと、ねじ山が傷みます。使う前に拭く習慣をつけてください。",8
1,1-3,126,1-3-126.mp3,"クランプは、ボルトとナット、そして開閉部です。さびて固着したものは締め付け力が出ません。",9
1,1-3,127,1-3-127.mp3,"単管は、へこみと曲がりです。へこんだ単管は、そこから座屈します。",6
1,1-3,128,1-3-128.mp3,"部材の点検は、現場だけの話ではありません。",4
1,1-3,129,1-3-129.mp3,"現場から戻ってきた部材を、倉庫で選別することが、次の現場の安全を作ります。",7
1,1-3,130,1-3-130.mp3,"返却時に、使えるものと使えないものを分ける。ここで止めておけば、現場に上がりません。",8
1,1-3,131,1-3-131.mp3,"使えないものは、廃棄するか、修理に出します。",4
1,1-3,132,1-3-132.mp3,"曲がった部材を現場で叩いて伸ばして使う、ということはしません。一度曲がった鋼材は、元の強度に戻りません。",10
1,1-3,133,1-3-133.mp3,"整備できるものは、専門の業者に出します。溶接の補修は、資格と設備のある者が行うものです。",9
1,1-3,134,1-3-134.mp3,"そして、部材には使用年数があります。何年も使い続けた部材は、見た目が良くても疲労しています。",9
1,1-3,135,1-3-135.mp3,"リース品を使う場合も同じです。届いた部材が使える状態かどうかは、受け取った側が確認します。",9
1,1-3,136,1-3-136.mp3,"リース会社が点検しているはずだ、で通してはいけません。使うのは自分たちです。",8
1,1-3,137,1-3-137.mp3,"点検で異常を見つけたとき、直すのか、取り替えるのか。判断の目安を挙げます。",7
1,1-3,138,1-3-138.mp3,"打ち直せば効くもの。緩んだくさび、外れかけた外れ止め、締め直せるクランプ。これは直します。",9
1,1-3,139,1-3-139.mp3,"付け直せば済むもの。外れた手すり、ずれた踏板、脱落した幅木。これも直します。",8
1,1-3,140,1-3-140.mp3,"締め直しても効かないもの、変形しているもの、亀裂のあるもの。これは取り替えます。",8
1,1-3,141,1-3-141.mp3,"迷ったら取り替える。これが原則です。",4
1,1-3,142,1-3-142.mp3,"部材一本の値段と、人ひとりの命を比べる話ではありません。",6
1,1-3,143,1-3-143.mp3,"そして、その場で直せない大きな不具合を見つけたときは、作業を止めて報告します。",8
1,1-3,144,1-3-144.mp3,"壁つなぎが何箇所も足りない、足場全体が傾いている、地盤が沈んでいる。",7
1,1-3,145,1-3-145.mp3,"こうしたものは、一人で直せるものではありません。作業主任者と現場責任者の判断が要ります。",9
1,1-3,146,1-3-146.mp3,"止めることを恐れないでください。止めた足場で人は死にません。",6
1,1-3,147,1-3-147.mp3,"点検を仕組みにするために、点検表の作り方にも触れておきます。",6
1,1-3,148,1-3-148.mp3,"点検表は、法令の条文をそのまま並べても使えません。",5
1,1-3,149,1-3-149.mp3,"現場で歩く順番に並べること。これが一番の工夫です。",5
1,1-3,150,1-3-150.mp3,"昇降階段から上がって、南面を東へ、角を回って東面を北へ。歩く順に項目を並べる。",8
1,1-3,151,1-3-151.mp3,"そうすれば、見落としは自然に減ります。",4
1,1-3,152,1-3-152.mp3,"項目は多すぎないこと。二十も三十もあると、丸を付けるだけの作業になります。",7
1,1-3,153,1-3-153.mp3,"その現場で本当に危ない箇所を、五つか六つに絞る。それを毎日必ず見る。",7
1,1-3,154,1-3-154.mp3,"そして、異常なしと書くだけでなく、直した箇所を書く欄を作ってください。",7
1,1-3,155,1-3-155.mp3,"何もなかった記録より、何を直したかの記録のほうが、次に見る人の役に立ちます。",8
1,1-3,156,1-3-156.mp3,"他職からの指摘の受け方についても、一言。",4
1,1-3,157,1-3-157.mp3,"塗装屋さんや大工さんから、ここが揺れる、と言われることがあります。",7
1,1-3,158,1-3-158.mp3,"自分たちが組んだ足場を指摘されると、つい言い返したくなります。",6
1,1-3,159,1-3-159.mp3,"しかし、毎日その足場に乗っている人の感覚は正確です。",5
1,1-3,160,1-3-160.mp3,"指摘は、ありがたい情報だと受け取ってください。見に行って、何ともなければそれでいい。",8
1,1-3,161,1-3-161.mp3,"見に行かずに大丈夫だと答えることが、最も危ない対応です。",6
1,1-3,162,1-3-162.mp3,"最後に、記録が会社を守るという話をします。",4
1,1-3,163,1-3-163.mp3,"万が一、災害が起きたとき、まず問われるのは、必要な措置を講じていたかどうかです。",8
1,1-3,164,1-3-164.mp3,"点検した記録があれば、いつ誰が何を見て、どう直したかを示せます。",6
1,1-3,165,1-3-165.mp3,"記録がなければ、やっていなかったと同じに扱われます。",5
1,1-3,166,1-3-166.mp3,"点検の記録は、面倒な事務作業ではなく、自分たちの仕事を証明するものです。",7
1,1-3,167,1-3-167.mp3,"点検の話の締めくくりに、一つだけ付け加えます。",5
1,1-3,168,1-3-168.mp3,"点検で最も見つけにくいのは、最初から無いものです。",5
1,1-3,169,1-3-169.mp3,"壁つなぎが一箇所付いていない。中さんが一段だけ入っていない。",6
1,1-3,170,1-3-170.mp3,"壊れているものは目立ちますが、最初から無いものは、風景として馴染んでしまいます。",8
1,1-3,171,1-3-171.mp3,"だから、組立図と突き合わせるのです。図面と実物を数える。それでしか見つかりません。",8
1,1-3,172,1-3-172.mp3,"そしてもう一つ、自分が組んだ足場を自分で点検すると、どうしても甘くなります。",8
1,1-3,173,1-3-173.mp3,"できれば、組んだ人とは別の人が見る。それが難しければ、日を変えて見る。",7
1,1-3,174,1-3-174.mp3,"見る目を変えるだけで、見えるものが変わります。",5
1,1-3,175,1-3-175.mp3,"点検は、疑うことではありません。確かめることです。",5
1,1-3,176,1-3-176.mp3,"大丈夫だと思っていることを、目と手で確かめる。それが点検です。",6
1,1-3,177,1-3-177.mp3,"点検した結果を、現場で見える形にする工夫もあります。",5
1,1-3,178,1-3-178.mp3,"点検済みのタグや札を、昇降口に掛ける方法です。",5
1,1-3,179,1-3-179.mp3,"今日の点検が済んでいるかどうかが、上がる前に分かります。",6
1,1-3,180,1-3-180.mp3,"逆に、使用禁止の箇所には赤い札を掛けます。誰が見ても分かる色と形にすること。",8
1,1-3,181,1-3-181.mp3,"口頭で「あそこは使うな」と言っても、聞いていない人が必ずいます。",6
1,1-3,182,1-3-182.mp3,"そして、元請や他職との連携です。",3
1,1-3,183,1-3-183.mp3,"足場を組んだ会社が毎日現場にいるとは限りません。",5
1,1-3,184,1-3-184.mp3,"その場合、日々の始業前点検は、その足場を使う会社が行うことになります。",7
1,1-3,185,1-3-185.mp3,"誰が、いつ、何を見るのか。工事の始めに決めておいてください。曖昧なまま進めると、誰も見ない状態になります。",11
1,1-3,186,1-3-186.mp3,"点検について、最後にもう一度確認します。",4
1,1-3,187,1-3-187.mp3,"点検の目的は、異常を見つけることではありません。人を落とさないことです。",7
1,1-3,188,1-3-188.mp3,"見つけても直さなければ意味がない。直しても記録がなければ次に伝わらない。",7
1,1-3,189,1-3-189.mp3,"見る、直す、残す。この三つで一つの点検です。",4
1,1-3,190,1-3-190.mp3,"そして、毎日続けること。続かない点検は、無いのと同じです。",6
1,1-3,191,1-3-191.mp3,"難しいことは要りません。上がる前に、自分が乗る床を見る。それを毎日やるだけです。",8
1,1-3,192,1-3-192.mp3,"点検は、一人でやるものではありません。",4
1,1-3,193,1-3-193.mp3,"指名された点検者が見て、作業者一人ひとりが自分の乗る床を見て、他職からの指摘も受ける。",9
1,1-3,194,1-3-194.mp3,"何重にも目が入るから、見落としが減ります。",4
1,1-3,195,1-3-195.mp3,"誰かがやっているはずだ、と全員が思っている現場が、いちばん危ない現場です。",7
1,1-3,196,1-3-196.mp3,"自分も見る。その一人になってください。",4
1,1-3,197,1-3-197.mp3,"この単元のまとめです。",2
1,1-3,198,1-3-198.mp3,"点検が必要なのは三つの場面。作業開始前、組立て・一部解体・変更の後、そして悪天候や中震以上の地震の後。",10
1,1-3,199,1-3-199.mp3,"組立て後等の点検は、事業者が指名した、知識と経験のある者が行う。",6
1,1-3,200,1-3-200.mp3,"見る項目は、床材、緊結部のゆるみ、緊結材の損傷腐食、手すり等の取り外しと脱落、幅木、脚部の沈下滑動。",10
1,1-3,201,1-3-201.mp3,"組立て後の点検では、これに筋かい、壁つなぎ、控えの取付状態が加わる。",7
1,1-3,202,1-3-202.mp3,"条文で記録するのは、点検の結果、講じた措置の内容、点検者の氏名の三つ。保存は、足場を使用する作業を行う仕事が終了するまで。",12
1,1-3,203,1-3-203.mp3,"異常を見つけたら、使わせない、報告する、直す、記録する。",6
1,1-3,204,1-3-204.mp3,"直せないうちは使わせない。止める判断をした人を、責めない現場にすること。",7
1,1-3,205,1-3-205.mp3,"次の単元では、登り桟橋と朝顔について学びます。",5
1,1-3,206,1-3-206.mp3,"点検を面倒だと思う日もあると思います。",4
1,1-3,207,1-3-207.mp3,"しかし、その五分が、誰かの一生を変えます。",4
1,1-3,208,1-3-208.mp3,"明日の朝も、上がる前に見てください。",4
1,1-4,001,1-4-001.mp3,"この単元では、登り桟橋と朝顔について学びます。科目一の最後の単元です。",7
1,1-4,002,1-4-002.mp3,"どちらも足場そのものではなく、足場に付随する設備です。",5
1,1-4,003,1-4-003.mp3,"しかし、どちらも人の命に直結します。",4
1,1-4,004,1-4-004.mp3,"登り桟橋は、人が昇り降りするための通路。ここで落ちれば人が死にます。",7
1,1-4,005,1-4-005.mp3,"朝顔は、落ちてきた物を受け止める設備。ここが無ければ、下を歩く人に当たります。",8
1,1-4,006,1-4-006.mp3,"自分たちを守るのが登り桟橋、他人を守るのが朝顔。そう覚えてください。",7
1,1-4,007,1-4-007.mp3,"ここでは、登り桟橋と朝顔について学びます。どちらも足場に付随する設備です。",7
1,1-4,008,1-4-008.mp3,"登り桟橋は、人が昇り降りするための通路です。勾配をゆるくし、踏面にすべり止めを設けます。",9
1,1-4,009,1-4-009.mp3,"まず、登り桟橋の構造から見ていきます。",4
1,1-4,010,1-4-010.mp3,"登り桟橋は、架設通路の一種です。安衛則には、架設通路についての基準が定められています。",9
1,1-4,011,1-4-011.mp3,"一つ目、丈夫な構造とすること。当然のことですが、これが基本です。",6
1,1-4,012,1-4-012.mp3,"二つ目、勾配は三十度以下とすること。ただし、階段を設けたものや、高さが二メートル未満で丈夫な手掛を設けたものは除かれます。",12
1,1-4,013,1-4-013.mp3,"三十度というのは、かなりの急坂です。実際には、もっとゆるく作るのが望ましい。",8
1,1-4,014,1-4-014.mp3,"三つ目、勾配が十五度を超えるものには、踏さんその他の滑止めを設けること。",7
1,1-4,015,1-4-015.mp3,"十五度というのは、思ったよりゆるい傾きです。少しでも傾いていれば、滑止めが要ると考えてください。",10
1,1-4,016,1-4-016.mp3,"四つ目、墜落の危険のある箇所には、高さ八十五センチメートル以上の手すり等を設けること。",9
1,1-4,017,1-4-017.mp3,"そして、中さんなどの、より安全な措置を加えます。",5
1,1-4,018,1-4-018.mp3,"五つ目、建設工事に使用する高さ八メートル以上の登り桟橋には、七メートル以内ごとに踊場を設けること。",10
1,1-4,019,1-4-019.mp3,"この踊場には二つの意味があります。",3
1,1-4,020,1-4-020.mp3,"一つは、休むため。荷を持って長い斜路を昇るのは、想像以上に体力を使います。",7
1,1-4,021,1-4-021.mp3,"もう一つは、落下距離を切るためです。八メートルを一気に転げ落ちるのと、七メートルごとに止まるのとでは、結果が違います。",12
1,1-4,022,1-4-022.mp3,"床面には、すき間ができないようにします。つまずきと踏み外しの原因になるからです。",8
1,1-4,023,1-4-023.mp3,"そして、通路の幅です。人がすれ違い、荷を持って歩ける幅を確保します。",7
1,1-4,024,1-4-024.mp3,"狭い通路で人がすれ違おうとして、体をよじった瞬間に落ちる。これが実際に起きています。",8
1,1-4,025,1-4-025.mp3,"登り桟橋の組立て、解体、変更の作業について説明します。",5
1,1-4,026,1-4-026.mp3,"登り桟橋も、足場と同じく組立図に基づいて組みます。",5
1,1-4,027,1-4-027.mp3,"どこから上がって、どこへつながるのか。踊場をどの高さに設けるのか。",7
1,1-4,028,1-4-028.mp3,"組立ての手順としては、まず支持する構造を作ります。足場側の受けと、地上側の据付けです。",9
1,1-4,029,1-4-029.mp3,"斜路の部材を掛けたら、動かないよう確実に固定します。",5
1,1-4,030,1-4-030.mp3,"掛けただけで固定していない斜路は、荷重がかかった瞬間にずれます。",6
1,1-4,031,1-4-031.mp3,"続いて、手すりと中さんを取り付けます。ここでも、床より先に手すりを付ける考え方が有効です。",9
1,1-4,032,1-4-032.mp3,"そして、踏さんや滑止めの状態を確認します。",4
1,1-4,033,1-4-033.mp3,"解体は逆順です。手すりは最後まで残します。",4
1,1-4,034,1-4-034.mp3,"変更の作業、たとえば段の追加や位置の変更も、必ず作業主任者や作業指揮者に報告してから行います。",9
1,1-4,035,1-4-035.mp3,"登り桟橋は、全員が毎日使う設備です。一時的に外すときは、必ず代わりの昇降路を用意してください。",9
1,1-4,036,1-4-036.mp3,"昇降路が無い状態で、支柱をよじ登る人が出ます。それが墜落につながります。",7
1,1-4,037,1-4-037.mp3,"そして、登り桟橋も点検の対象です。組立て後、変更後、悪天候の後に見ます。",7
1,1-4,038,1-4-038.mp3,"毎日大勢が昇り降りするため、緩みや摩耗が進みやすい設備でもあります。",7
1,1-4,039,1-4-039.mp3,"はしご道についても触れておきます。",3
1,1-4,040,1-4-040.mp3,"現場では、狭い箇所や短い高さで、はしごを使うことがあります。",6
1,1-4,041,1-4-041.mp3,"はしご道にも基準があります。",3
1,1-4,042,1-4-042.mp3,"丈夫な構造とすること。著しい損傷、腐食などがないものを使うこと。",6
1,1-4,043,1-4-043.mp3,"踏さんを等間隔に設けること。そして、はしごの転位を防止するための措置を講じること。",8
1,1-4,044,1-4-044.mp3,"転位の防止とは、上端を縛る、下端を固定する、押さえの人をつけるといった措置です。",8
1,1-4,045,1-4-045.mp3,"そして、はしごの上端を、床から六十センチメートル以上突出させること。",7
1,1-4,046,1-4-046.mp3,"これは、昇り切るときと降り始めるときに、つかまるところを確保するためです。",7
1,1-4,047,1-4-047.mp3,"上端が床と同じ高さのはしごは、乗り移る瞬間に手が離れます。そこで落ちます。",7
1,1-4,048,1-4-048.mp3,"はしごを昇るときは、手に物を持たないこと。三点支持を保つこと。",6
1,1-4,049,1-4-049.mp3,"そして、はしごは移動と昇降のための設備であって、作業のための設備ではありません。",8
1,1-4,050,1-4-050.mp3,"はしごの上に立って作業をしない。これは徹底してください。",6
1,1-4,051,1-4-051.mp3,"墜落のおそれのある側には手すりを設けます。荷を持って昇ることもあるため、手すりは特に重要です。",9
1,1-4,052,1-4-052.mp3,"高い登り桟橋では、途中に踊り場を設けます。休むためだけでなく、転落したときの落下距離を切る意味があります。",11
1,1-4,053,1-4-053.mp3,"朝顔は、防護棚とも呼ばれます。足場から斜めに張り出した棚で、落ちてきた物を受け止めます。",9
1,1-4,054,1-4-054.mp3,"道路や隣地に面する側に設けます。住宅街では、隣家や通行人を守るための設備になります。",8
1,1-4,055,1-4-055.mp3,"次に、朝顔について説明します。防護棚とも呼ばれます。",5
1,1-4,056,1-4-056.mp3,"朝顔は、足場から斜めに張り出した棚で、上から落ちてきた物を受け止めます。",7
1,1-4,057,1-4-057.mp3,"守る相手は、下を歩く通行人と、隣接する敷地の人、そして下で作業する人です。",7
1,1-4,058,1-4-058.mp3,"自分たちを守る設備ではなく、他人を守る設備。ここが登り桟橋と違うところです。",8
1,1-4,059,1-4-059.mp3,"設置の考え方は、建設工事公衆災害防止対策要綱などに示されています。",7
1,1-4,060,1-4-060.mp3,"一般的には、道路や隣地に面する側で、地上から一定の高さに一段目を設けます。",7
1,1-4,061,1-4-061.mp3,"そして、上へ向かって一定の間隔ごとに、繰り返し設けます。",6
1,1-4,062,1-4-062.mp3,"水平面となす角度は、二十度から三十度程度。",4
1,1-4,063,1-4-063.mp3,"水平距離で二メートル以上を突出させ、しっかりと支持します。",6
1,1-4,064,1-4-064.mp3,"角度が浅すぎると、落ちてきた物が跳ねて外へ飛び出します。",6
1,1-4,065,1-4-065.mp3,"逆に立てすぎると、受けた物が滑り落ちてしまいます。この角度には意味があるということです。",9
1,1-4,066,1-4-066.mp3,"朝顔の下側には、隙間を作らないようにします。板と板のあいだから物が抜ければ、意味がありません。",9
1,1-4,067,1-4-067.mp3,"そして、朝顔の上に落ちた物を、そのままにしないこと。",5
1,1-4,068,1-4-068.mp3,"溜まった物は荷重になり、次に落ちてきた物で跳ねて飛び出します。定期的に片付けます。",8
1,1-4,069,1-4-069.mp3,"現場によっては、朝顔の代わりに、または併せて、防護シートや防音パネルを設けることもあります。",9
1,1-4,070,1-4-070.mp3,"いずれも、目的は同じです。外に出さないこと。",4
1,1-4,071,1-4-071.mp3,"朝顔の組立て、解体の作業について説明します。",4
1,1-4,072,1-4-072.mp3,"朝顔は、足場から外側へ張り出す作業になります。",5
1,1-4,073,1-4-073.mp3,"つまり、作業する人は、足場の外側へ体を出すことになります。",6
1,1-4,074,1-4-074.mp3,"ここが最も危険な点です。手が届かないところへ手を伸ばし、体が外へ出る。",7
1,1-4,075,1-4-075.mp3,"だから、朝顔の取付け作業では、必ず墜落制止用器具を使います。掛ける先も先に確保します。",9
1,1-4,076,1-4-076.mp3,"そして、二人以上で行います。一人が支え、一人が留める。",5
1,1-4,077,1-4-077.mp3,"一人で長い部材を支えながら留めようとすると、必ず体が外へ出ます。",6
1,1-4,078,1-4-078.mp3,"作業する真下は、立入禁止にします。部材を落とせば、そこは道路かもしれません。",8
1,1-4,079,1-4-079.mp3,"取り付けたら、支持部の固定を全員で確認します。跳ね上がり止めも忘れずに。",7
1,1-4,080,1-4-080.mp3,"解体のときは、上に溜まった物を先に片付けてから外します。",6
1,1-4,081,1-4-081.mp3,"溜まった物ごと外せば、それが全部落ちます。",4
1,1-4,082,1-4-082.mp3,"朝顔も、組立て後と悪天候の後には点検します。風で煽られやすい設備です。",7
1,1-4,083,1-4-083.mp3,"登り桟橋も朝顔も、足場と同じく、組み立てた後や変更した後に点検します。",7
1,1-4,084,1-4-084.mp3,"そして、昇り降りは必ず昇降設備を使ってください。支柱や筋かいをよじ登らないことです。",8
1,1-4,085,1-4-085.mp3,"登り桟橋と朝顔について、現場での実際にも触れておきます。",6
1,1-4,086,1-4-086.mp3,"戸建住宅の現場では、登り桟橋を組むほどの規模にならないことが多い。",7
1,1-4,087,1-4-087.mp3,"そのぶん、昇降階段や、足場に組み込んだ階段枠が昇降路になります。",6
1,1-4,088,1-4-088.mp3,"小さい現場ほど、昇降設備を省いてしまいがちです。二段だけだから、少しの高さだから、と。",9
1,1-4,089,1-4-089.mp3,"しかし、二メートルの高さから落ちても人は死にます。高さの問題ではありません。",8
1,1-4,090,1-4-090.mp3,"朝顔についても同じです。住宅街では、隣家との距離が一メートルということもあります。",8
1,1-4,091,1-4-091.mp3,"工具を一本落とせば、隣家の屋根に穴が開きます。人が歩いていれば当たります。",7
1,1-4,092,1-4-092.mp3,"大きな現場だけの設備ではなく、狭い現場ほど必要になる設備だと考えてください。",8
1,1-4,093,1-4-093.mp3,"それから、養生の話をします。",3
1,1-4,094,1-4-094.mp3,"朝顔やシートは、物を止めるだけでなく、近隣との関係も守っています。",7
1,1-4,095,1-4-095.mp3,"塗料が飛んだ、粉が舞った、という苦情は、工事を止めることがあります。",7
1,1-4,096,1-4-096.mp3,"近隣に迷惑をかけない現場は、結果として安全な現場でもあります。",6
1,1-4,097,1-4-097.mp3,"急かされない、見られても恥ずかしくない。その状態が、事故を減らします。",7
1,1-4,098,1-4-098.mp3,"設備を一つ省いて早く終わらせた現場と、きちんと養生して進めた現場。",7
1,1-4,099,1-4-099.mp3,"半年後に、どちらの会社に次の仕事が来ているか。それを考えてみてください。",7
1,1-4,100,1-4-100.mp3,"科目一で学んだことは、すべてつながっています。",5
1,1-4,101,1-4-101.mp3,"足場の種類と材料を知り、正しい手順で組み、点検して直し、昇降設備と防護棚を備える。",8
1,1-4,102,1-4-102.mp3,"そのどれか一つが欠けても、足場は安全な作業床になりません。",6
1,1-4,103,1-4-103.mp3,"落下物を防ぐ設備は、朝顔だけではありません。",4
1,1-4,104,1-4-104.mp3,"メッシュシートは、足場の外面を覆って、細かい物の飛散を防ぎます。",6
1,1-4,105,1-4-105.mp3,"ただしシートは、大きな部材の落下を止める強度はありません。あくまで飛散防止です。",8
1,1-4,106,1-4-106.mp3,"防音パネルは、音と粉じんを抑える設備です。重量があるため、足場への負担も大きくなります。",9
1,1-4,107,1-4-107.mp3,"パネルを張る現場では、壁つなぎの数を増やすなど、構造側の対応が必要になります。",8
1,1-4,108,1-4-108.mp3,"水平養生ネットを、足場の内側に張ることもあります。躯体と足場のすき間から物が落ちるのを防ぎます。",10
1,1-4,109,1-4-109.mp3,"このすき間は、意外と見落とされます。外側ばかり気にして、内側が空いている現場は多い。",8
1,1-4,110,1-4-110.mp3,"落下物の防止は、外側と内側の両方で考えてください。",5
1,1-4,111,1-4-111.mp3,"また、道路に面する現場では、歩行者用の仮設通路を設けることがあります。",7
1,1-4,112,1-4-112.mp3,"上部を屋根で覆い、側面を仕切って、通行人が安全に通れるようにするものです。",7
1,1-4,113,1-4-113.mp3,"この通路も、足場と同じく組み立てるものであり、点検の対象になります。",7
1,1-4,114,1-4-114.mp3,"登り桟橋についても、もう少し補足します。",4
1,1-4,115,1-4-115.mp3,"踏面には、雨や霜で滑らないよう、滑止めの措置をとります。",6
1,1-4,116,1-4-116.mp3,"冬場の朝は、金属の踏面が凍ります。前日の雨が、朝には氷になっています。",7
1,1-4,117,1-4-117.mp3,"そして、荷を持って昇り降りしないこと。両手が空いていない状態は、転落の入口です。",8
1,1-4,118,1-4-118.mp3,"資材は荷上げ設備で上げ、人は身軽に昇る。これを分けることが基本です。",7
1,1-4,119,1-4-119.mp3,"登り桟橋の下も、通路になっていることがあります。",5
1,1-4,120,1-4-120.mp3,"上から物を落とせば、下を歩く人に当たります。下部の養生も忘れないでください。",8
1,1-4,121,1-4-121.mp3,"最後に、これらの設備は足場と一体で計画されるものだということを覚えておいてください。",8
1,1-4,122,1-4-122.mp3,"後から付け足そうとすると、取り付ける場所が無い、壁つなぎと干渉する、といったことが起きます。",9
1,1-4,123,1-4-123.mp3,"組立図の段階で、昇降路と防護棚の位置を決めておく。それが、後の手戻りを防ぎます。",8
1,1-4,124,1-4-124.mp3,"設備の話の最後に、現場での優先順位についてお話しします。",6
1,1-4,125,1-4-125.mp3,"工期が押してくると、真っ先に省かれるのが、これらの付随設備です。",6
1,1-4,126,1-4-126.mp3,"昇降階段は後回し、朝顔は必要になってから、養生は最後にまとめて。",6
1,1-4,127,1-4-127.mp3,"しかし、後回しにされた期間こそが、危険な期間になります。",6
1,1-4,128,1-4-128.mp3,"昇降階段が無い数日のあいだ、人は支柱をよじ登ります。",5
1,1-4,129,1-4-129.mp3,"朝顔が無い数日のあいだ、道路には何も落ちてこない保証がありません。",7
1,1-4,130,1-4-130.mp3,"設備は、必要になってから付けるのでは遅い。必要になる前に付けるものです。",7
1,1-4,131,1-4-131.mp3,"そして、これらは全部、組立図に書かれています。",5
1,1-4,132,1-4-132.mp3,"図面どおりに組めば、必要なときには必ずそこにある。それが計画の意味です。",7
1,1-4,133,1-4-133.mp3,"現場の判断で順序を変えるときは、必ず作業主任者に相談してください。",7
1,1-4,134,1-4-134.mp3,"自分の判断で省いた一つが、誰かの命に直結します。",5
1,1-4,135,1-4-135.mp3,"科目一は、ここまでです。",2
1,1-4,136,1-4-136.mp3,"足場の種類と材料、正しい組立ての手順、点検と補修、そして昇降設備と防護棚。",7
1,1-4,137,1-4-137.mp3,"この四つを頭に入れて、明日からの現場を見てみてください。見えるものが変わっているはずです。",9
1,1-4,138,1-4-138.mp3,"登り桟橋と朝顔について、寸法をもう一度確認しておきます。",6
1,1-4,139,1-4-139.mp3,"登り桟橋の勾配は三十度以下。十五度を超えるものには、踏さんその他の滑止め。",7
1,1-4,140,1-4-140.mp3,"墜落の危険のある箇所には、高さ八十五センチメートル以上の手すり等。",7
1,1-4,141,1-4-141.mp3,"建設工事に使用する高さ八メートル以上の登り桟橋には、七メートル以内ごとに踊場。",8
1,1-4,142,1-4-142.mp3,"はしご道は、転位の防止措置をとり、上端を床から六十センチメートル以上突出させる。",8
1,1-4,143,1-4-143.mp3,"朝顔は、水平面となす角度を二十度から三十度程度とし、水平距離で二メートル以上突出させる。",9
1,1-4,144,1-4-144.mp3,"これらの数字は、試験のために覚えるものではありません。",5
1,1-4,145,1-4-145.mp3,"現場で、これは基準を満たしているか、と自分で判断するための物差しです。",7
1,1-4,146,1-4-146.mp3,"判断できる人が一人いれば、その現場は変わります。",5
1,1-4,147,1-4-147.mp3,"皆さんに、その一人になってもらいたいと思っています。",5
1,1-4,148,1-4-148.mp3,"この単元のまとめです。",2
1,1-4,149,1-4-149.mp3,"登り桟橋は自分たちを守る設備、朝顔は他人を守る設備。",5
1,1-4,150,1-4-150.mp3,"登り桟橋は、勾配三十度以下、十五度を超えるものには滑止め、墜落の危険がある箇所には八十五センチメートル以上の手すり等。",12
1,1-4,151,1-4-151.mp3,"建設工事用で高さ八メートル以上のものには、七メートル以内ごとに踊場を設ける。",8
1,1-4,152,1-4-152.mp3,"はしご道は、転位の防止措置をとり、上端を床から六十センチメートル以上突出させる。はしごの上で作業しない。",10
1,1-4,153,1-4-153.mp3,"朝顔は、二十度から三十度の角度をつけ、二メートル以上突出させる。上に溜まった物は片付ける。",9
1,1-4,154,1-4-154.mp3,"朝顔の取付けは、体が足場の外へ出る作業。墜落制止用器具を使い、二人以上で、下は立入禁止にする。",9
1,1-4,155,1-4-155.mp3,"これで科目一、足場及び作業の方法に関する知識は終わりです。",6
1,1-4,156,1-4-156.mp3,"次の科目では、工事用設備、機械、器具、作業環境について学びます。",6
1,1-4,157,1-4-157.mp3,"それでは、科目一を終わります。",3
1,1-4,158,1-4-158.mp3,"次の科目二では、工事用設備、機械、器具、作業環境について学びます。",7
1,1-4,159,1-4-159.mp3,"クレーンや運搬機械、そして悪天候時の判断が中心になります。",6
2,2-1,001,2-1-001.mp3,"この科目では、足場の作業で使う設備、機械、器具、そして作業環境について学びます。",8
2,2-1,002,2-1-002.mp3,"三十分の短い科目ですが、ここで扱う内容は毎日使うものばかりです。",6
2,2-1,003,2-1-003.mp3,"まず、工事用設備と機械の取扱いから始めます。",4
2,2-1,004,2-1-004.mp3,"足場の作業では、さまざまな揚重機と運搬機械を使います。",5
2,2-1,005,2-1-005.mp3,"移動式クレーン、荷上げ用のウインチ、電動ホイスト、フォークリフト、そして荷受けステージ。",9
2,2-1,006,2-1-006.mp3,"このうち使用頻度が高く、災害の危険も高いのが、クレーンなどの揚重機です。",7
2,2-1,007,2-1-007.mp3,"揚重機を使う者だけでなく、補助をする者、周囲で作業する者、全員が注意しなければなりません。",9
2,2-1,008,2-1-008.mp3,"まず、資格の区分を確認します。移動式クレーンの運転は、有資格者が行います。",7
2,2-1,009,2-1-009.mp3,"つり上げ荷重が五トン以上のものは、免許を取得した者。",5
2,2-1,010,2-1-010.mp3,"一トン以上五トン未満のものは、技能講習を修了した者。",5
2,2-1,011,2-1-011.mp3,"一トン未満のものは、特別教育を修了した者が運転できます。",6
2,2-1,012,2-1-012.mp3,"そして、玉掛けの作業も有資格者が行います。荷を掛けるのは、誰でもよいわけではありません。",9
2,2-1,013,2-1-013.mp3,"クレーン作業の安全のポイントを挙げます。",4
2,2-1,014,2-1-014.mp3,"一つ目、アウトリガーは最大に張り出すこと。地盤が弱ければ、敷鉄板で補強します。",8
2,2-1,015,2-1-015.mp3,"二つ目、定格荷重を守ること。少しくらい、で吊れば、車体が浮きます。",7
2,2-1,016,2-1-016.mp3,"三つ目、正しい玉掛けをすること。バラ荷は番線やワイヤで確実に固縛します。",7
2,2-1,017,2-1-017.mp3,"四つ目、急なつり上げや旋回をしないこと。荷が振れれば、周りの物や人に当たります。",8
2,2-1,018,2-1-018.mp3,"五つ目、つり荷の下には入らないこと。これは絶対です。",5
2,2-1,019,2-1-019.mp3,"六つ目、作業範囲は立入禁止とし、安全標識で明示すること。",6
2,2-1,020,2-1-020.mp3,"七つ目、合図ははっきり行うこと。合図者を定め、その合図だけに従います。",7
2,2-1,021,2-1-021.mp3,"八つ目、クレーンや玉掛け用のワイヤ等は、作業開始前に点検すること。",7
2,2-1,022,2-1-022.mp3,"次に、フォークリフトです。足場の作業では、資機材の移動に頻繁に使われます。",7
2,2-1,023,2-1-023.mp3,"積み荷で前方が見えないまま走る。旋回時に爪の後ろ側が振れる。この二つが事故のもとです。",9
2,2-1,024,2-1-024.mp3,"フォークリフトが動いている範囲には、みだりに立ち入らないでください。",7
2,2-1,025,2-1-025.mp3,"運転者からは、思ったより見えていません。目が合ったと思っても、見えていないことがあります。",9
2,2-1,026,2-1-026.mp3,"続いて、電動ホイストです。クレーンが入れない場所で、資機材の搬出入に使います。",8
2,2-1,027,2-1-027.mp3,"縦づりの資材には、抜け止めの措置をとります。抜ければ、そのまま下まで落ちます。",8
2,2-1,028,2-1-028.mp3,"荷は介錯ロープで引き込みます。直接手で引き寄せないこと。",6
2,2-1,029,2-1-029.mp3,"そして、荷を入れるために手すりを外した場合は、作業後すぐに元に戻します。",7
2,2-1,030,2-1-030.mp3,"外したままにして次の荷を待つ。その待ち時間に人が落ちます。",6
2,2-1,031,2-1-031.mp3,"最後に、荷受けステージです。材料を一時的に置くために、足場から張り出した床です。",8
2,2-1,032,2-1-032.mp3,"ここには大きな荷重がかかります。最大積載荷重を表示し、それを超えて積まないこと。",8
2,2-1,033,2-1-033.mp3,"重い材料を一か所にまとめると、そこだけに力が集中します。分散して置いてください。",8
2,2-1,034,2-1-034.mp3,"足場の作業では、揚重機や運搬機械を使います。使用頻度が高く、災害の危険も高い部分です。",9
2,2-1,035,2-1-035.mp3,"移動式クレーンの運転には資格が要ります。つり上げ荷重五トン以上は免許、一トン以上五トン未満は技能講習の修了者です。",11
2,2-1,036,2-1-036.mp3,"一トン未満であれば特別教育の修了者が運転できます。玉掛けも有資格者が行います。",8
2,2-1,037,2-1-037.mp3,"作業では、つり荷の下に絶対に入らないこと。合図ははっきり行い、作業範囲は立入禁止にします。",9
2,2-1,038,2-1-038.mp3,"アウトリガーは最大に張り出します。急なつり上げや旋回はしません。",6
2,2-1,039,2-1-039.mp3,"フォークリフトも資機材の移動で頻繁に使われます。周囲の作業者は、その動きを常に意識してください。",10
2,2-1,040,2-1-040.mp3,"クレーンが使えない場所では、電動ホイストで資機材を上げ下ろしします。",7
2,2-1,041,2-1-041.mp3,"縦づりの資材には抜け止めの措置をとり、介錯ロープで引き込みます。手すりを外したときは、作業後すぐに戻します。",11
2,2-1,042,2-1-042.mp3,"足場の最大積載荷重は、見やすい位置に表示します。能力を超える荷は載せません。",8
2,2-1,043,2-1-043.mp3,"設備と機械の話の最後に、合図についてもう一度触れます。",5
2,2-1,044,2-1-044.mp3,"クレーンの作業では、合図者を一人に定めます。複数の人が同時に合図を出せば、運転者は混乱します。",9
2,2-1,045,2-1-045.mp3,"合図は、大きく、はっきりと。距離があるときや、見通しが悪いときは無線を使ってください。",9
2,2-1,046,2-1-046.mp3,"そして、合図が伝わっていないと感じたら、荷を動かさない。これは運転者側の鉄則です。",8
2,2-1,047,2-1-047.mp3,"作業者の側も、自分が合図者でないなら、勝手に手を挙げないこと。",6
2,2-2,001,2-2-001.mp3,"次に、器具と工具について学びます。",3
2,2-2,002,2-2-002.mp3,"足場の作業で使う道具は多くありませんが、どれも高所で使うものです。",7
2,2-2,003,2-2-003.mp3,"落とせば凶器になる。この前提で扱ってください。",5
2,2-2,004,2-2-004.mp3,"まず、ハンマーです。くさびを打ち込む、抜くための道具で、最も使用頻度が高い工具です。",8
2,2-2,005,2-2-005.mp3,"使う前に、柄の抜け止めを確認します。頭が緩んでいれば、振った瞬間に飛びます。",8
2,2-2,006,2-2-006.mp3,"木の柄は、乾燥すると痩せて緩みます。季節の変わり目には特に注意してください。",8
2,2-2,007,2-2-007.mp3,"打つときは、体勢を安定させてから。片手で体を支え、無理な姿勢で振らないこと。",8
2,2-2,008,2-2-008.mp3,"そして、ハンマーには落下防止のひもを付けます。腰袋から落ちれば、下は直撃です。",8
2,2-2,009,2-2-009.mp3,"次に、ラチェットレンチとシノです。クランプの締め付けや、部材の位置合わせに使います。",8
2,2-2,010,2-2-010.mp3,"シノを差し込んで無理にこじると、部材を傷めるだけでなく、シノが折れて体勢を崩します。",8
2,2-2,011,2-2-011.mp3,"ラチェットレンチは、締め付けのトルクを手応えで判断しがちですが、緩みは目で見て確かめてください。",10
2,2-2,012,2-2-012.mp3,"腰袋の使い方にも決まりを作ってください。",4
2,2-2,013,2-2-013.mp3,"入れる物を決めておくこと。何でも突っ込むと、かがんだときに落ちます。",7
2,2-2,014,2-2-014.mp3,"特に、小物の落下は防ぎにくい。ボルト一本でも、高所から落ちれば人に当たります。",8
2,2-2,015,2-2-015.mp3,"電動工具を使うこともあります。インパクトドライバや切断工具です。",6
2,2-2,016,2-2-016.mp3,"屋外で使う場合、感電に注意します。コードの被覆が破れていないか、使う前に見ます。",8
2,2-2,017,2-2-017.mp3,"濡れた手で扱わない。雨の日はできるだけ使わない。漏電遮断器のある電源から取ること。",8
2,2-2,018,2-2-018.mp3,"コードを足場に引き回すときは、通路を横切らせないでください。つまずきの原因になります。",9
2,2-2,019,2-2-019.mp3,"次に、玉掛け用具です。ワイヤロープ、ナイロンスリング、シャックル、ラッチロックなど。",8
2,2-2,020,2-2-020.mp3,"これらには、使用してはならない基準がはっきり決まっています。",6
2,2-2,021,2-2-021.mp3,"ワイヤロープは、一よりのあいだで素線の数の十パーセント以上が切断しているもの。",8
2,2-2,022,2-2-022.mp3,"直径の減少が公称径の七パーセントを超えるもの。",5
2,2-2,023,2-2-023.mp3,"キンクしたもの、著しい形くずれや腐食があるもの。これらは使えません。",7
2,2-2,024,2-2-024.mp3,"ナイロンスリングは、縫製部のほつれ、切れ、著しい摩耗があれば使いません。",7
2,2-2,025,2-2-025.mp3,"フックは、外れ止めが確実に働くこと。開いているフックは使えません。",7
2,2-2,026,2-2-026.mp3,"これらの点検は、作業開始前に行います。前回使ったときは大丈夫だった、では通りません。",8
2,2-2,027,2-2-027.mp3,"そして、器具の保管です。",2
2,2-2,028,2-2-028.mp3,"泥のついたまま、濡れたまま置けば、次に使うときには傷んでいます。",6
2,2-2,029,2-2-029.mp3,"使い終わったら拭いて、決まった場所に戻す。それが次の現場の安全になります。",7
2,2-2,030,2-2-030.mp3,"工具は、自分の命を預ける道具です。他人から借りた工具でも、使う前に自分の目で見てください。",9
2,2-2,031,2-2-031.mp3,"最後に、保護具も器具の一つです。保護帽、安全靴、手袋。",5
2,2-2,032,2-2-032.mp3,"保護帽は、あごひもを締める。安全靴は、かかとを踏まない。",6
2,2-2,033,2-2-033.mp3,"当たり前のことですが、当たり前が守られていない現場で災害が起きています。",7
2,2-2,034,2-2-034.mp3,"高所で使う工具は、落とさない工夫が要ります。",4
2,2-2,035,2-2-035.mp3,"ハンマーは、柄の抜け止めを毎回確認してください。頭が抜けて落ちれば、下は直撃です。",8
2,2-2,036,2-2-036.mp3,"工具には落下防止のひもを付けます。腰袋から落ちやすい物は、そもそも上に持ち上げないことです。",9
2,2-2,037,2-2-037.mp3,"部材も同じです。使う前に変形、亀裂、さびを見て、不良品は現場に上げないでください。",8
2,2-2,038,2-2-038.mp3,"工具については、もう一つ大事なことがあります。",5
2,2-2,039,2-2-039.mp3,"それは、自分の道具を人に貸すとき、人から借りるときの扱いです。",6
2,2-2,040,2-2-040.mp3,"借りた工具は、使う前に必ず自分の目で見てください。柄の緩み、刃こぼれ、外れ止めの動き。",9
2,2-2,041,2-2-041.mp3,"貸すときも同じです。傷んだ工具を渡せば、その人が事故に遭います。",6
2,2-2,042,2-2-042.mp3,"そして、現場に置きっぱなしにしないこと。",4
2,2-2,043,2-2-043.mp3,"足場の上に工具を置いたまま降りれば、風で落ちます。他職が蹴って落とすこともあります。",8
2,2-2,044,2-2-044.mp3,"作業が終わったら、必ず腰袋に戻すか、地上へ降ろす。これを習慣にしてください。",8
2,2-2,045,2-2-045.mp3,"最後に、器具の管理は会社の仕事でもあります。",4
2,2-2,046,2-2-046.mp3,"何本あるのか、いつ買ったのか、誰が使っているのか。",5
2,2-2,047,2-2-047.mp3,"数を把握していない現場では、傷んだ工具がいつまでも回り続けます。",6
2,2-2,048,2-2-048.mp3,"定期的に全部を集めて、点検して、傷んだものを抜く。年に一度でも構いません。",7
2,2-2,049,2-2-049.mp3,"それだけで、現場に出る工具の質が変わります。",4
2,2-2,050,2-2-050.mp3,"そして、道具を大切にする人は、仕事も丁寧です。",5
2,2-2,051,2-2-051.mp3,"工具の手入れができていない人は、足場の組み方も雑になります。",6
2,2-2,052,2-2-052.mp3,"逆に、道具がきれいに揃っている人の足場は、見れば分かります。",6
2,2-2,053,2-2-053.mp3,"道具の扱いは、その人の仕事そのものを表します。",5
2,2-2,054,2-2-054.mp3,"明日、自分の腰袋を一度空けて、中身を見直してみてください。",6
2,2-2,055,2-2-055.mp3,"器具と工具の管理について、会社としての取り組みにも触れておきます。",7
2,2-2,056,2-2-056.mp3,"工具の支給と交換の基準を決めておくと、現場での判断が楽になります。",7
2,2-2,057,2-2-057.mp3,"ハンマーは何年で交換する、玉掛け用具は何か月ごとに点検する、といった基準です。",8
2,2-2,058,2-2-058.mp3,"基準があれば、まだ使えるかどうかを一人で悩まなくて済みます。",6
2,2-2,059,2-2-059.mp3,"傷んだ道具を使い続けさせる会社は、結果として高くつきます。",6
2,2-3,001,2-3-001.mp3,"この単元では、悪天候時における作業の方法を学びます。",5
2,2-3,002,2-3-002.mp3,"強風、大雨、大雪などの悪天候のとき、足場の上での作業は非常に危険です。",7
2,2-3,003,2-3-003.mp3,"そのため、悪天候が予想されるときの高さ二メートル以上の場所での作業は、禁止されています。",9
2,2-3,004,2-3-004.mp3,"具体的な悪天候の目安は、次のように示されています。",5
2,2-3,005,2-3-005.mp3,"強風は、十分間の平均風速が毎秒十メートル以上の風。",5
2,2-3,006,2-3-006.mp3,"大雨は、一回の降雨量が五十ミリメートル以上の雨。",5
2,2-3,007,2-3-007.mp3,"大雪は、一回の降雪量が二十五センチメートル以上の降雪です。",6
2,2-3,008,2-3-008.mp3,"この数字を覚えておいてください。判断に迷ったときの基準になります。",7
2,2-3,009,2-3-009.mp3,"特に風は、足場に大きな影響を与えます。",4
2,2-3,010,2-3-010.mp3,"メッシュシートを張った足場は、面で風を受けます。同じ足場でも、シートの有無で受ける力がまったく違います。",10
2,2-3,011,2-3-011.mp3,"作業する人にとっても、風は危険です。部材を持っているときに煽られれば、体ごと持っていかれます。",9
2,2-3,012,2-3-012.mp3,"そして、風は急に強くなります。朝は穏やかでも、昼過ぎから吹き始めることがあります。",8
2,2-3,013,2-3-013.mp3,"前日の天気予報を見ること。当日も、風の予報を確認すること。",6
2,2-3,014,2-3-014.mp3,"現場に風速計を置いている会社もあります。数字で判断できるようにするのは、良い方法です。",9
2,2-3,015,2-3-015.mp3,"台風が近づいているときは、事前の養生が必要になります。",5
2,2-3,016,2-3-016.mp3,"メッシュシートを畳む、あるいは外す。足場の上に置いた材料を降ろす。",7
2,2-3,017,2-3-017.mp3,"シートを畳んでおけば、風を受ける面積が減り、倒壊の危険が下がります。",7
2,2-3,018,2-3-018.mp3,"ただし、この養生作業そのものが高所作業です。",4
2,2-3,019,2-3-019.mp3,"風が強くなってから慌ててシートを畳もうとして、そこで災害が起きています。",7
2,2-3,020,2-3-020.mp3,"余裕を持って、風が強くなる前に済ませてください。",5
2,2-3,021,2-3-021.mp3,"そして、悪天候の後です。",2
2,2-3,022,2-3-022.mp3,"強風、大雨、大雪などの悪天候の後、または中震、震度四以上の地震の後は、作業を開始する前に点検します。",10
2,2-3,023,2-3-023.mp3,"足場の各部を点検し、危険のおそれがあるときは、速やかに修理しなければなりません。",8
2,2-3,024,2-3-024.mp3,"最後に、中止の判断についてお話しします。",4
2,2-3,025,2-3-025.mp3,"作業を中止する判断は、簡単ではありません。工期があり、段取りがあり、他職との調整があります。",9
2,2-3,026,2-3-026.mp3,"しかし、判断に迷ったら止める。これを原則にしてください。",6
2,2-3,027,2-3-027.mp3,"止めた判断が責められることはありません。責められるとしたら、それは会社のほうに問題があります。",9
2,2-3,028,2-3-028.mp3,"そして作業者の側も、危ないと感じたら声を上げてください。",6
2,2-3,029,2-3-029.mp3,"現場で最初に危険に気づくのは、そこにいる人です。上の人ではありません。",7
2,2-3,030,2-3-030.mp3,"悪天候のため危険が予想されるときは、高さ二メートル以上の場所での作業は禁止されています。",9
2,2-3,031,2-3-031.mp3,"悪天候の目安は決まっています。強風は、十分間の平均風速が毎秒十メートル以上の風です。",8
2,2-3,032,2-3-032.mp3,"大雨は、一回の降雨量が五十ミリ以上。大雪は、一回の降雪量が二十五センチ以上とされています。",9
2,2-3,033,2-3-033.mp3,"特に風は、シートを張った足場に大きな力をかけます。作業中の姿勢も崩されます。",8
2,2-3,034,2-3-034.mp3,"悪天候や中震以上の地震の後は、作業を開始する前に足場の各部を点検します。",7
2,2-3,035,2-3-035.mp3,"危険のおそれがあるときは、速やかに修理してから使います。",6
2,2-3,036,2-3-036.mp3,"判断に迷ったら、止める。止めた判断が責められることはありません。",6
2,2-3,037,2-3-037.mp3,"悪天候の話の締めくくりに、猛暑と寒さについても触れておきます。",6
2,2-3,038,2-3-038.mp3,"夏の高温多湿の炎天下では、熱中症の危険があります。",5
2,2-3,039,2-3-039.mp3,"水分と塩分は、作業を始める前からこまめにとってください。",6
2,2-3,040,2-3-040.mp3,"冬は、踏板や手すりが凍ります。前日の雨が、朝には氷になっています。",7
2,2-3,041,2-3-041.mp3,"手袋が滑る、体がこわばる。冬場の朝は、動き始めが最も危ない時間帯です。",7
2,2-3,042,2-3-042.mp3,"気温も作業環境の一つです。天候は、風と雨だけではありません。",6
3,3-1,001,3-1-001.mp3,"この科目では、労働災害の防止について学びます。四つの単元があり、九十分です。",8
3,3-1,002,3-1-002.mp3,"最初の単元は、墜落による危険の防止です。足場の作業で最も多い災害です。",7
3,3-1,003,3-1-003.mp3,"まず、数字を見てください。",3
3,3-1,004,3-1-004.mp3,"建設業の労働災害による死亡者数のうち、墜落と転落によるものは、毎年およそ四割を占めています。",9
3,3-1,005,3-1-005.mp3,"労働災害の死亡者数は年々減っていますが、墜落の割合はほとんど変わっていません。",8
3,3-1,006,3-1-006.mp3,"つまり、他の災害が減っても、墜落だけが減っていないということです。",7
3,3-1,007,3-1-007.mp3,"次に、足場からの墜落で亡くなった人が、そのとき何をしていたかを見ます。",7
3,3-1,008,3-1-008.mp3,"最も多いのは、すでに組み上がった足場の上での作業中、または移動中で、およそ五十七パーセント。",9
3,3-1,009,3-1-009.mp3,"次いで、足場の組立てまたは解体の作業中が、およそ三十五パーセントです。",7
3,3-1,010,3-1-010.mp3,"組んでいるときだけが危ないのではありません。できあがった足場を使っているときにも、同じだけ人が落ちています。",11
3,3-1,011,3-1-011.mp3,"さらに、足場からの墜落災害を分析した資料があります。",5
3,3-1,012,3-1-012.mp3,"そこでは、安衛則に基づく墜落防止措置が無い状態での被災が、九割を超えていました。",8
3,3-1,013,3-1-013.mp3,"手すりがあれば、中さんがあれば、フックの掛け先があれば防げた。そういう災害が九割ということです。",10
3,3-1,014,3-1-014.mp3,"この単元で学ぶのは、その九割をどう潰すか、という話です。",6
3,3-1,015,3-1-015.mp3,"では、どこで落ちるのかを具体的に見ていきます。",5
3,3-1,016,3-1-016.mp3,"一つ目は、組立て中の最上層です。",3
3,3-1,017,3-1-017.mp3,"まだ手すりも交差筋かいも付いていない床の上で、次の部材を受け取る。ここが最も危険な場所です。",9
3,3-1,018,3-1-018.mp3,"床はあるが、囲いがない。フックを掛ける先もない。この状態が、組立ての途中には必ず生まれます。",9
3,3-1,019,3-1-019.mp3,"二つ目は、解体中の最上層です。",3
3,3-1,020,3-1-020.mp3,"手すりを先に外してしまえば、組立て中と同じ状態になります。しかも解体は、上から順に不安定になっていきます。",11
3,3-1,021,3-1-021.mp3,"三つ目は、完成した足場の上での通常作業中です。",5
3,3-1,022,3-1-022.mp3,"塗装、左官、板金。足場を使う職種の人が、作業に集中して端に寄る。後ずさりする。",8
3,3-1,023,3-1-023.mp3,"そのとき手すりが外れていれば、落ちます。",4
3,3-1,024,3-1-024.mp3,"四つ目は、移動中です。",2
3,3-1,025,3-1-025.mp3,"床のすき間、段差、材料をまたぐ動き。歩いているときは、手が塞がっていることが多い。",8
3,3-1,026,3-1-026.mp3,"五つ目は、昇降中です。階段を使わず、建地を伝って降りようとする。",6
3,3-1,027,3-1-027.mp3,"近道をした一回で、人は落ちます。",3
3,3-1,028,3-1-028.mp3,"この五つの場面を頭に入れておいてください。自分がいまどの場面にいるかが分かれば、身構えられます。",10
3,3-1,029,3-1-029.mp3,"建設業の死亡災害のうち、墜落と転落による死亡は毎年およそ四割を占めています。",8
3,3-1,030,3-1-030.mp3,"足場からの死亡者について、被災したときの行動を分析した資料があります。",7
3,3-1,031,3-1-031.mp3,"最も多いのは、すでに組み上がった足場の上での作業中または移動中で、およそ五十七パーセント。",9
3,3-1,032,3-1-032.mp3,"次いで、足場の組立てまたは解体の作業中が、およそ三十五パーセントです。",7
3,3-1,033,3-1-033.mp3,"つまり、組んでいるときだけでなく、できあがった足場を使っているときにも、同じくらい人が落ちています。",10
3,3-1,034,3-1-034.mp3,"さらに、足場からの墜落災害を分析すると、安衛則に基づく墜落防止措置が無い状態での被災が九割を超えていました。",11
3,3-1,035,3-1-035.mp3,"次に、墜落を防ぐ設備について確認します。",4
3,3-1,036,3-1-036.mp3,"まず、作業床です。高さ二メートル以上の作業場所には、作業床を設けます。",7
3,3-1,037,3-1-037.mp3,"幅は四十センチメートル以上。床材の間のすき間は三センチメートル以下。",7
3,3-1,038,3-1-038.mp3,"そして、床材と建地とのすき間は十二センチメートル未満とします。",6
3,3-1,039,3-1-039.mp3,"この十二センチという数字が加わったのは、そのすき間から人が落ちる災害が実際に起きたからです。",9
3,3-1,040,3-1-040.mp3,"床材は、ぐらつかないよう二か所以上で支持物に取り付けます。",6
3,3-1,041,3-1-041.mp3,"次に、囲いです。墜落のおそれのある箇所には、手すりと中さん等を設けます。",7
3,3-1,042,3-1-042.mp3,"手すりは、高さ八十五センチメートル以上。",4
3,3-1,043,3-1-043.mp3,"中さんは、高さ三十五センチメートルから五十センチメートルの位置。",6
3,3-1,044,3-1-044.mp3,"わく組足場では、交差筋かいに加えて、高さ十五センチメートルから四十センチメートルの位置に下さんを設けます。",11
3,3-1,045,3-1-045.mp3,"交差筋かいだけでは、体を預ければすり抜けます。あれは変形を防ぐ部材であって、囲いではありません。",10
3,3-1,046,3-1-046.mp3,"そして、物の落下を防ぐ幅木は、高さ十センチメートル以上のものを設けます。",7
3,3-1,047,3-1-047.mp3,"これらの設備は、作業の必要上、臨時に取り外すことがあります。",6
3,3-1,048,3-1-048.mp3,"そのときは、その箇所への関係労働者以外の立入りを禁止すること。",6
3,3-1,049,3-1-049.mp3,"そして、作業が終わった後、直ちに取り外した設備を元の状態に戻すこと。",7
3,3-1,050,3-1-050.mp3,"この二つが、規則で明確に定められています。",4
3,3-1,051,3-1-051.mp3,"外したまま帰る。外したまま昼休みに入る。それが、次の人の墜落になります。",7
3,3-1,052,3-1-052.mp3,"設備を「いつ」設けるか。ここが手すり先行工法の考え方です。",6
3,3-1,053,3-1-053.mp3,"床を張ってから手すりを付ける手順だと、そのあいだ、作業者は囲いの無い床の上にいます。",8
3,3-1,054,3-1-054.mp3,"その時間は数分かもしれません。しかし、墜落はその数分に集中して起きています。",8
3,3-1,055,3-1-055.mp3,"床を張る前に手すりを上げておけば、床に乗った時点で、もう囲われています。",7
3,3-1,056,3-1-056.mp3,"方式は三つあります。先送り方式、据置き方式、そして手すり先行専用足場工法。",7
3,3-1,057,3-1-057.mp3,"どれを使っても構いません。狙いは同じです。",4
3,3-1,058,3-1-058.mp3,"解体のときは、逆に考えます。手すりは、その段の作業がすべて終わってから最後に外す。",8
3,3-1,059,3-1-059.mp3,"床を先に抜いて手すりが残っている状態は、正しい姿です。",5
3,3-1,060,3-1-060.mp3,"手すりを先に外して床だけが残っている状態は、最も危ない姿です。",6
3,3-1,061,3-1-061.mp3,"現場で足場を見たとき、この二つを見分けられるようになってください。",7
3,3-1,062,3-1-062.mp3,"設備で防ぎきれない場面のために、墜落制止用器具があります。",6
3,3-1,063,3-1-063.mp3,"高さ二メートル以上で、足場の組立て解体中や、手すりを一時的に取り外した場合。",8
3,3-1,064,3-1-064.mp3,"開口部の近くで作業する場合など、墜落のおそれがある箇所では、これを使用します。",8
3,3-1,065,3-1-065.mp3,"会社によっては、高さや状態に関係なく、足場の上では常に使用するという決まりを設けています。",9
3,3-1,066,3-1-066.mp3,"決まりがあるなら、それに従ってください。",4
3,3-1,067,3-1-067.mp3,"器具は、原則としてフルハーネス型を使用します。",5
3,3-1,068,3-1-068.mp3,"フルハーネスは、落ちたときに体を面で支えます。胴ベルト型は、腹部の一点に力が集中します。",9
3,3-1,069,3-1-069.mp3,"胴ベルト型を使える範囲は限られています。原則はフルハーネス型だと覚えてください。",8
3,3-1,070,3-1-070.mp3,"使い方の要点を挙げます。",2
3,3-1,071,3-1-071.mp3,"一つ目、二丁掛けを基本とすること。掛け替えのときも、常にどちらかが掛かっている状態を保ちます。",9
3,3-1,072,3-1-072.mp3,"外して、移動して、また掛ける。この一瞬が無防備になります。二丁掛けは、その一瞬を無くすためのものです。",10
3,3-1,073,3-1-073.mp3,"二つ目、なるべく高い位置に掛けること。",4
3,3-1,074,3-1-074.mp3,"掛ける位置が低いほど、落ちたときの距離が伸びます。腰より下に掛けるのは危険です。",8
3,3-1,075,3-1-075.mp3,"三つ目、落下時の衝撃に耐えられる堅固なものに掛けること。",6
3,3-1,076,3-1-076.mp3,"メッシュシートの支持点、手すりの弱い部分、細い配管。こういうものには掛けません。",8
3,3-1,077,3-1-077.mp3,"四つ目、一本の親綱を複数の人が同時に使わないこと。二人が同時に落ちれば、衝撃は倍になります。",9
3,3-1,078,3-1-078.mp3,"五つ目、使用前に点検すること。ベルトの傷、縫製のほつれ、フックの変形と外れ止めの動き。",9
3,3-1,079,3-1-079.mp3,"そして、落下距離という考え方を知っておいてください。",5
3,3-1,080,3-1-080.mp3,"ランヤードの長さ、ショックアブソーバの伸び、自分の身長。これを足したぶんだけ落ちます。",9
3,3-1,081,3-1-081.mp3,"その先に地面や下の段があれば、器具を着けていても助かりません。",6
3,3-1,082,3-1-082.mp3,"掛ける位置を高くするのは、この落下距離を短くするためです。",6
3,3-1,083,3-1-083.mp3,"設備を設けていれば防げたはずの災害が、それだけ多いということです。",7
3,3-1,084,3-1-084.mp3,"墜落は、囲いの無い床の上で作業しているときに集中して起きます。",6
3,3-1,085,3-1-085.mp3,"床を張る前に手摺を上げておけば、床に乗った時点で、もう囲われています。これが手すり先行工法です。",10
3,3-1,086,3-1-086.mp3,"作業床の端で墜落のおそれがある箇所には、手摺と中さんなどを設けます。",7
3,3-1,087,3-1-087.mp3,"作業の都合で一時的に取り外したときは、その作業が終わり次第、直ちに元に戻してください。",9
3,3-1,088,3-1-088.mp3,"高さ二メートル以上で、組立て解体中や、手すりを一時的に外した場合、開口部の近くで作業する場合は、墜落制止用器具を使用します。",12
3,3-1,089,3-1-089.mp3,"使い方にも要点があります。二丁掛けを基本として、掛け替えのときも常にどちらかが掛かっている状態にすること。",11
3,3-1,090,3-1-090.mp3,"フックは、なるべく高い位置に掛けます。低い位置に掛けると、落ちたときの距離が伸びます。",9
3,3-1,091,3-1-091.mp3,"落下の衝撃に耐えられる堅固な箇所に掛けること。シート類や手すりの弱い部分には掛けません。",9
3,3-1,092,3-1-092.mp3,"一本の親綱を複数の人が同時に使わないこと。そして使う前に器具を点検すること。",8
3,3-1,093,3-1-093.mp3,"昇り降りは、必ず昇降設備を使ってください。支柱や筋かいをよじ登ると、そこで足を滑らせます。",9
3,3-1,094,3-1-094.mp3,"昇降と移動についても確認します。",3
3,3-1,095,3-1-095.mp3,"昇り降りは、必ず昇降設備を使います。階段枠、昇降階段、固定はしご。",7
3,3-1,096,3-1-096.mp3,"建地や筋かいをよじ登らない。これは基本中の基本です。",5
3,3-1,097,3-1-097.mp3,"昇降するときは、手に物を持たないこと。工具は腰袋に、材料は荷上げ設備で上げます。",8
3,3-1,098,3-1-098.mp3,"そして、三点支持です。両手両足のうち三点が常に足場に触れている状態を保ちます。",8
3,3-1,099,3-1-099.mp3,"移動中の墜落も多く起きています。",3
3,3-1,100,3-1-100.mp3,"床のすき間、段差、置かれた材料。歩きながら足元を見ていないと、そこでつまずきます。",8
3,3-1,101,3-1-101.mp3,"つまずいた先に手すりが無ければ、そのまま外に出ます。",5
3,3-1,102,3-1-102.mp3,"屋根や躯体から足場へ乗り移るときも要注意です。",5
3,3-1,103,3-1-103.mp3,"乗り移る先の床が固定されているか、必ず確かめてから体重をかけてください。",7
3,3-1,104,3-1-104.mp3,"飛び移らないこと。実際に、飛び移った先の足場板が固定されておらず、板ごと転落した死亡災害があります。",10
3,3-1,105,3-1-105.mp3,"最後に、落ちた後の話をします。",3
3,3-1,106,3-1-106.mp3,"フルハーネスで宙吊りになった場合、そのまま長時間放置すると危険な状態になります。",8
3,3-1,107,3-1-107.mp3,"ハーネスに体重がかかり続けることで、血流が滞り、意識を失うことがあります。",7
3,3-1,108,3-1-108.mp3,"つまり、落ちて止まったから安心、ではありません。速やかに救助する必要があります。",8
3,3-1,109,3-1-109.mp3,"だから、現場ごとに救助の方法を決めておいてください。",5
3,3-1,110,3-1-110.mp3,"誰が気づき、誰が連絡し、どうやって降ろすのか。",5
3,3-1,111,3-1-111.mp3,"はしごを掛けるのか、高所作業車を呼ぶのか。事前に決まっていなければ、その場で慌てます。",9
3,3-1,112,3-1-112.mp3,"そして、一人作業を作らないこと。落ちても誰も気づかない状況が、最も危険です。",8
3,3-1,113,3-1-113.mp3,"墜落防止について、現場での意識の話もしておきます。",5
3,3-1,114,3-1-114.mp3,"高いところが怖い、という感覚は、実は安全な感覚です。",5
3,3-1,115,3-1-115.mp3,"問題は、慣れてその感覚が薄れたときです。",4
3,3-1,116,3-1-116.mp3,"入りたての頃は手すりを握って歩いていた人が、半年経つと手を離して歩くようになる。",8
3,3-1,117,3-1-117.mp3,"一年経つと、手すりの無いところでも平気で作業するようになる。",6
3,3-1,118,3-1-118.mp3,"これは成長ではありません。危険に鈍くなっただけです。",5
3,3-1,119,3-1-119.mp3,"熟練者の災害が多いのは、技術が落ちたからではなく、危険を感じなくなるからです。",8
3,3-1,120,3-1-120.mp3,"だから、ルールが要ります。感覚ではなく、決まりで動く。",5
3,3-1,121,3-1-121.mp3,"フックは必ず掛ける。昇降設備を必ず使う。外した手すりは必ず戻す。",6
3,3-1,122,3-1-122.mp3,"必ず、という言葉が付いているものは、その場の判断を挟まないという意味です。",7
3,3-1,123,3-1-123.mp3,"判断を挟まなければ、慣れても行動は変わりません。",5
3,3-1,124,3-1-124.mp3,"そして、周りの人にも声を掛けてください。",4
3,3-1,125,3-1-125.mp3,"掛かってないよ、と一言。それで助かる命があります。",5
3,3-1,126,3-1-126.mp3,"言いにくい相手にこそ、言ってください。",4
3,3-1,127,3-1-127.mp3,"そして最後に、これだけは覚えて帰ってください。",5
3,3-1,128,3-1-128.mp3,"足場から落ちて亡くなった人の九割以上は、防止措置が無い状態で被災しています。",8
3,3-1,129,3-1-129.mp3,"逆に言えば、措置さえあれば、九割は防げたということです。",6
3,3-1,130,3-1-130.mp3,"手すりを付ける。フックを掛ける。階段を使う。",4
3,3-1,131,3-1-131.mp3,"どれも、特別な技術は要りません。",3
3,3-1,132,3-1-132.mp3,"知っているかどうか、そしてやるかどうか。それだけの違いです。",6
3,3-1,133,3-1-133.mp3,"この単元のまとめです。",2
3,3-1,134,3-1-134.mp3,"建設業の死亡災害の約四割が墜落・転落。足場からの墜落は、通常作業中と移動中で約五十七パーセント。",10
3,3-1,135,3-1-135.mp3,"落ちる場面は五つ。組立て中の最上層、解体中の最上層、通常作業中、移動中、昇降中。",8
3,3-1,136,3-1-136.mp3,"設備の基準は、作業床の幅四十センチ以上、床材間三センチ以下、床材と建地十二センチ未満。",9
3,3-1,137,3-1-137.mp3,"手すり八十五センチ以上、中さん三十五から五十センチ、わく組の下さん十五から四十センチ、幅木十センチ以上。",10
3,3-1,138,3-1-138.mp3,"臨時に外したら、立入禁止にし、作業終了後は直ちに元へ戻す。",6
3,3-1,139,3-1-139.mp3,"床を張る前に手すりを上げる。解体では手すりを最後に外す。",6
3,3-1,140,3-1-140.mp3,"墜落制止用器具は原則フルハーネス型。二丁掛け、高い位置、堅固な箇所、親綱は一人一本、使用前点検。",10
3,3-1,141,3-1-141.mp3,"落下距離は、ランヤードの長さとアブソーバの伸びと身長の合計。だから高い位置に掛ける。",8
3,3-1,142,3-1-142.mp3,"昇降設備を使い、手に物を持たず、三点支持を保つ。",5
3,3-1,143,3-1-143.mp3,"そして、落ちた後の救助方法を決めておくこと。",4
3,3-1,144,3-1-144.mp3,"次の単元では、飛来落下と倒壊による危険の防止について学びます。",6
3,3-2,001,3-2-001.mp3,"この単元では、物が落ちること、そして足場そのものが倒れることによる災害を学びます。",8
3,3-2,002,3-2-002.mp3,"墜落が自分の身に起きる災害だとすれば、飛来落下と倒壊は、他人の身に起きる災害です。",8
3,3-2,003,3-2-003.mp3,"落ちた物が当たるのは、下にいる誰かです。倒れた足場が押し潰すのは、その下にいた誰かです。",9
3,3-2,004,3-2-004.mp3,"自分が気をつけていれば防げる、という種類の災害ではありません。",6
3,3-2,005,3-2-005.mp3,"設備と、段取りと、区域の管理。この三つで防ぎます。",5
3,3-2,006,3-2-006.mp3,"まず、飛来落下からです。",2
3,3-2,007,3-2-007.mp3,"足場の上から落ちる物は、大きく三つに分けられます。",5
3,3-2,008,3-2-008.mp3,"一つ目は、工具です。ハンマー、レンチ、シノ。腰袋から落ちる小物も含みます。",7
3,3-2,009,3-2-009.mp3,"二つ目は、部材です。手すり、踏板、クランプ、ボルト。解体中は特に多くなります。",8
3,3-2,010,3-2-010.mp3,"三つ目は、施工中の材料です。塗料の缶、金物、シートの切れ端。他職の物も落ちます。",8
3,3-2,011,3-2-011.mp3,"どれも、高いところから落ちれば凶器になります。",5
3,3-2,012,3-2-012.mp3,"十メートルから落ちた物は、地面に届くまでに一・四秒ほど。時速五十キロを超える速さになります。",9
3,3-2,013,3-2-013.mp3,"ボルト一本でも、当たれば保護帽を貫くことがあります。",5
3,3-2,014,3-2-014.mp3,"実際に、ビルの解体工事で十階部分から鉄パイプが落下し、歩道を歩いていた通行人が亡くなった事故があります。",10
3,3-2,015,3-2-015.mp3,"落下防止の防護板は設けられていましたが、そのすき間から抜けていました。",7
3,3-2,016,3-2-016.mp3,"設備があっても、すき間があれば意味がないということです。",6
3,3-2,017,3-2-017.mp3,"防ぐ設備を確認します。",2
3,3-2,018,3-2-018.mp3,"一つ目、幅木。高さ十センチメートル以上のものを、作業床の外側に設けます。",7
3,3-2,019,3-2-019.mp3,"足元に転がった物が、外へ出るのを止めます。",4
3,3-2,020,3-2-020.mp3,"二つ目、メッシュシート。足場の外面を覆い、細かい物の飛散を防ぎます。",7
3,3-2,021,3-2-021.mp3,"ただし、シートに大きな部材を受け止める強度はありません。あくまで飛散防止です。",8
3,3-2,022,3-2-022.mp3,"三つ目、防護棚、いわゆる朝顔。斜めに張り出して、落ちてきた物を受け止めます。",8
3,3-2,023,3-2-023.mp3,"四つ目、水平養生ネット。足場と躯体のあいだのすき間から落ちるのを防ぎます。",7
3,3-2,024,3-2-024.mp3,"外側ばかり気にして、内側が空いている現場は多い。内側も見てください。",7
3,3-2,025,3-2-025.mp3,"そして、設備と同じくらい大事なのが、そもそも落とさないことです。",6
3,3-2,026,3-2-026.mp3,"工具には落下防止のひもを付ける。腰袋に入れる物を決める。",6
3,3-2,027,3-2-027.mp3,"足場の上に物を置いたまま降りない。作業が終わったら回収する。",6
3,3-2,028,3-2-028.mp3,"材料の上げ下ろしには、つり綱やつり袋、荷上げ設備を使う。投げ下ろしは禁止です。",8
3,3-2,029,3-2-029.mp3,"最後に、区域の管理です。",2
3,3-2,030,3-2-030.mp3,"上で作業しているあいだ、その真下には人を入れない。これが最も確実な対策です。",8
3,3-2,031,3-2-031.mp3,"落とさないように注意する、では防げません。落ちても人がいない状態を作るのです。",8
3,3-2,032,3-2-032.mp3,"道路や隣地に面する側では、監視員を配置する、時間帯を区切る、通行を規制する。",8
3,3-2,033,3-2-033.mp3,"第三者に当たれば、けがだけの問題では済みません。工事は止まり、会社の信用も失われます。",9
3,3-2,034,3-2-034.mp3,"次に、物が落ちること、そして足場そのものが倒れることによる災害です。",7
3,3-2,035,3-2-035.mp3,"工具や部材が落ちれば、下の作業者を直撃します。住宅街では、隣家や道路も近くにあります。",9
3,3-2,036,3-2-036.mp3,"実際に、解体工事中に鉄パイプが十階部分から落下し、歩道を歩いていた通行人が亡くなった事故があります。",10
3,3-2,037,3-2-037.mp3,"第三者に当たれば、けがだけの問題では済みません。会社の存続にかかわります。",7
3,3-2,038,3-2-038.mp3,"防ぐのは、高さ十センチ以上の幅木、メッシュシート、朝顔などの防護棚、そして立入禁止措置の組み合わせです。",10
3,3-2,039,3-2-039.mp3,"倒壊のほうは、壁つなぎが要になります。足場は、それ自体では自立しません。",7
3,3-2,040,3-2-040.mp3,"壁つなぎの不足、構造材の不足、そして天候。この三つが重なって足場が倒壊した事故が起きています。",9
3,3-2,041,3-2-041.mp3,"強風のなか、解体中のビルの足場が崩れ、道路をふさいだ事例もあります。",7
3,3-2,042,3-2-042.mp3,"建物と一体につないで、初めて安定します。間隔は基準内に収め、勝手に外さないでください。",9
3,3-2,043,3-2-043.mp3,"シートは風を受けます。壁つなぎより先に張ってはいけません。解体のときは、逆に先に外します。",9
3,3-2,044,3-2-044.mp3,"次に、倒壊です。",2
3,3-2,045,3-2-045.mp3,"まず知っておいてほしいのは、足場はそれ自体では自立しないということです。",7
3,3-2,046,3-2-046.mp3,"細い支柱を組み上げた構造物です。建物とつないで、初めて安定します。",7
3,3-2,047,3-2-047.mp3,"そのつなぎが、壁つなぎです。",3
3,3-2,048,3-2-048.mp3,"壁つなぎには、決められた間隔があります。垂直方向、水平方向とも、足場の種類ごとに基準があります。",10
3,3-2,049,3-2-049.mp3,"組立図に位置が書かれていますから、そのとおりに取ってください。",6
3,3-2,050,3-2-050.mp3,"そして、勝手に外さないこと。",3
3,3-2,051,3-2-051.mp3,"他職が、邪魔だからと外してしまうことがあります。外した本人は、それが何の材か知りません。",9
3,3-2,052,3-2-052.mp3,"外されていないかを確かめるのが、点検の役目です。",5
3,3-2,053,3-2-053.mp3,"倒壊の原因は、大きく三つです。",3
3,3-2,054,3-2-054.mp3,"一つ目、壁つなぎの不足。数が足りない、間隔が広すぎる、外されている。",7
3,3-2,055,3-2-055.mp3,"二つ目、構造材の不足。筋かいが入っていない、控えが無い、建地の間隔が広すぎる。",8
3,3-2,056,3-2-056.mp3,"三つ目、天候。特に風です。",3
3,3-2,057,3-2-057.mp3,"風について、もう一度確認します。",3
3,3-2,058,3-2-058.mp3,"隙間の多い足場は、風が抜けます。しかしメッシュシートを張ると、面で風を受けるようになります。",9
3,3-2,059,3-2-059.mp3,"同じ足場でも、シートの有無で受ける力がまったく違うということです。",7
3,3-2,060,3-2-060.mp3,"だから、シートは壁つなぎより先に張ってはいけません。解体のときは、逆に先に外します。",8
3,3-2,061,3-2-061.mp3,"強風のなか、解体中のビルの足場が崩れて道路をふさいだ事故が実際に起きています。",8
3,3-2,062,3-2-062.mp3,"脚部も倒壊に関わります。",2
3,3-2,063,3-2-063.mp3,"地盤が沈む、滑る。敷板が無い、根がらみが入っていない。",5
3,3-2,064,3-2-064.mp3,"上がしっかりしていても、脚が動けば全体が傾きます。",5
3,3-2,065,3-2-065.mp3,"そして、積載荷重です。重い材料を一か所にまとめれば、そこに力が集中します。",7
3,3-2,066,3-2-066.mp3,"最大積載荷重を守り、分散して置いてください。",4
3,3-2,067,3-2-067.mp3,"この単元のまとめです。",2
3,3-2,068,3-2-068.mp3,"落ちる物は、工具、部材、施工材料。どれも高所から落ちれば凶器になる。",7
3,3-2,069,3-2-069.mp3,"防ぐ設備は、幅木十センチ以上、メッシュシート、防護棚、水平養生ネット。内側のすき間も忘れない。",9
3,3-2,070,3-2-070.mp3,"設備と同じくらい、落とさない工夫が大事。落下防止のひも、置きっぱなしにしない、投げ下ろさない。",9
3,3-2,071,3-2-071.mp3,"最も確実なのは、真下に人を入れないこと。",4
3,3-2,072,3-2-072.mp3,"足場は自立しない。壁つなぎで建物とつないで初めて安定する。",6
3,3-2,073,3-2-073.mp3,"倒壊の三大要因は、壁つなぎの不足、構造材の不足、そして天候。",6
3,3-2,074,3-2-074.mp3,"シートは壁つなぎより先に張らない。解体では先に外す。",5
3,3-2,075,3-2-075.mp3,"脚部の沈下と滑動、積載荷重の集中にも注意する。",5
3,3-2,076,3-2-076.mp3,"次の単元では、保護具の使用方法と保守点検について学びます。",6
3,3-3,001,3-3-001.mp3,"この単元では、保護具の使用方法と保守点検について学びます。",6
3,3-3,002,3-3-002.mp3,"保護具は、危険そのものを無くす設備ではありません。",5
3,3-3,003,3-3-003.mp3,"手すりや幅木は、危険を無くすための設備です。落ちない、落とさない状態を作ります。",8
3,3-3,004,3-3-004.mp3,"それに対して保護具は、危険が現実になったときに、被害を小さくするためのものです。",8
3,3-3,005,3-3-005.mp3,"順番としては、まず設備で危険を無くす。それでも残る危険に、保護具で備える。",7
3,3-3,006,3-3-006.mp3,"保護具があるから設備は要らない、という考え方は逆です。",5
3,3-3,007,3-3-007.mp3,"まず、保護帽です。",2
3,3-3,008,3-3-008.mp3,"足場の現場では、飛来落下用と墜落時保護用の両方の性能を持つものを使います。",7
3,3-3,009,3-3-009.mp3,"使い方で最も大事なのは、あごひもを締めることです。",5
3,3-3,010,3-3-010.mp3,"ゆるいまま使っている人がいます。しかし、衝撃を受けた瞬間に脱げれば、意味がありません。",9
3,3-3,011,3-3-011.mp3,"実際に、頭に当たる前に保護帽が飛んでしまい、直撃を受けた災害があります。",7
3,3-3,012,3-3-012.mp3,"内装、いわゆるハンモックの部分も大事です。",4
3,3-3,013,3-3-013.mp3,"頭と帽体のあいだに空間があることで、衝撃を吸収します。この空間を潰してはいけません。",8
3,3-3,014,3-3-014.mp3,"内装のバンドが緩んでいれば調整する。汗で傷んでいれば交換する。",6
3,3-3,015,3-3-015.mp3,"そして、一度大きな衝撃を受けた保護帽は、見た目が無事でも交換します。",7
3,3-3,016,3-3-016.mp3,"内部に見えない損傷が残っていることがあります。",5
3,3-3,017,3-3-017.mp3,"保護帽には使用期限の目安もあります。材質によりますが、数年で交換するものと考えてください。",9
3,3-3,018,3-3-018.mp3,"保護具は、正しく使って初めて意味を持ちます。",4
3,3-3,019,3-3-019.mp3,"保護帽は、あごひもを締めてください。ゆるいと、衝撃を受けた瞬間に脱げて、頭を守れません。",9
3,3-3,020,3-3-020.mp3,"墜落制止用器具は、原則としてフルハーネス型を使用します。胴ベルト型を使える範囲は限られています。",10
3,3-3,021,3-3-021.mp3,"フルハーネスは、落ちたときに体を面で支えます。胴ベルトは腹部の一点に力が集中します。",8
3,3-3,022,3-3-022.mp3,"ランヤードは、落下距離とショックアブソーバの伸びを考えて選びます。落ちた先で地面や下段に届いては意味がありません。",11
3,3-3,023,3-3-023.mp3,"使う前には、ベルトの傷、縫製のほつれ、フックの変形と外れ止めの動きを点検してください。",9
3,3-3,024,3-3-024.mp3,"会社によっては、法令の二メートルという基準にかかわらず、足場の上では常に使用する、という決まりを設けています。",11
3,3-3,025,3-3-025.mp3,"決められたルールがあるなら、それに従ってください。",5
3,3-3,026,3-3-026.mp3,"次に、墜落制止用器具です。",3
3,3-3,027,3-3-027.mp3,"原則として、フルハーネス型を使用します。",4
3,3-3,028,3-3-028.mp3,"フルハーネスは、肩、腿、胸のベルトで体を支えます。落ちたときの衝撃が分散されます。",8
3,3-3,029,3-3-029.mp3,"胴ベルト型は、腹部の一点に力が集中します。内臓を損傷する危険があり、使える範囲は限られています。",10
3,3-3,030,3-3-030.mp3,"装着で大事なのは、緩みなく締めることです。",4
3,3-3,031,3-3-031.mp3,"腿のベルトが緩んでいると、落ちたときに体がずり下がります。",6
3,3-3,032,3-3-032.mp3,"背中のD環の位置も確認してください。肩甲骨のあいだ、高い位置にあるのが正しい状態です。",9
3,3-3,033,3-3-033.mp3,"低い位置にあると、宙吊りになったときに前のめりになり、苦しい姿勢になります。",8
3,3-3,034,3-3-034.mp3,"ランヤードの選び方にも触れておきます。",4
3,3-3,035,3-3-035.mp3,"落下距離は、ランヤードの長さ、ショックアブソーバの伸び、そして身長の合計です。",8
3,3-3,036,3-3-036.mp3,"その先に地面や下の段があれば、器具を着けていても助かりません。",6
3,3-3,037,3-3-037.mp3,"低い場所ほど注意が要ります。二段目や三段目のほうが、地面に届きやすいのです。",8
3,3-3,038,3-3-038.mp3,"だから、フックはなるべく高い位置に掛けます。",4
3,3-3,039,3-3-039.mp3,"そして二丁掛け。掛け替えのときも、常にどちらかが掛かっている状態を保ちます。",8
3,3-3,040,3-3-040.mp3,"外して、移動して、また掛ける。この数秒が無防備になり、そこで人が落ちています。",8
3,3-3,041,3-3-041.mp3,"一本の親綱を複数の人が同時に使わないこと。二人が落ちれば、衝撃は倍になります。",8
3,3-3,042,3-3-042.mp3,"保守点検について説明します。",3
3,3-3,043,3-3-043.mp3,"使用前に、毎回見るところがあります。",4
3,3-3,044,3-3-044.mp3,"ベルトの摩耗、切れ、ほつれ。特に縫製部は力がかかる場所です。",6
3,3-3,045,3-3-045.mp3,"金具の変形、さび、亀裂。バックルが確実に閉まるか。",5
3,3-3,046,3-3-046.mp3,"フックの外れ止めが、確実に動いて閉じるか。開いたままのフックは使えません。",7
3,3-3,047,3-3-047.mp3,"ショックアブソーバのカバーが破れていないか。伸びた形跡がないか。",6
3,3-3,048,3-3-048.mp3,"一度でも落下を止めた器具は、外見が無事でも使用をやめます。",6
3,3-3,049,3-3-049.mp3,"アブソーバは伸びて衝撃を吸収します。一度伸びたものは、次は機能しません。",7
3,3-3,050,3-3-050.mp3,"保管も大事です。直射日光、高温、湿気を避けて保管します。",6
3,3-3,051,3-3-051.mp3,"薬品や油が付いたまま放置すると、繊維が傷みます。",5
3,3-3,052,3-3-052.mp3,"そして、保護具は個人に割り当てるのが理想です。",5
3,3-3,053,3-3-053.mp3,"誰が使ったか分からない器具は、履歴が追えません。",5
3,3-3,054,3-3-054.mp3,"名前を書く、番号を振る。それだけで管理の質が変わります。",6
3,3-3,055,3-3-055.mp3,"保護具について、現場でよくある話をもう一つ。",4
3,3-3,056,3-3-056.mp3,"夏場、暑いからとハーネスを緩めて着ける人がいます。",5
3,3-3,057,3-3-057.mp3,"しかし、緩んだハーネスは、落ちたときに体を支える位置がずれます。",6
3,3-3,058,3-3-058.mp3,"肩のベルトが脇の下まで上がり、腕が挟まれた状態で宙吊りになった災害が実際にあります。",8
3,3-3,059,3-3-059.mp3,"暑さへの対策は、装着を緩めることではありません。休憩と水分補給、通気性のある服装で対応してください。",10
3,3-3,060,3-3-060.mp3,"そして、装着の確認は、二人一組で行うのが確実です。",5
3,3-3,061,3-3-061.mp3,"自分の背中は自分では見えません。D環の位置も、ベルトのねじれも、人に見てもらってください。",9
3,3-3,062,3-3-062.mp3,"朝礼のときに、隣の人と互いに確認する。それだけで装着ミスは大きく減ります。",7
3,3-3,063,3-3-063.mp3,"最後に、支給されたものを使う、という当たり前の話です。",5
3,3-3,064,3-3-064.mp3,"自分で買った器具や、古い型のものを使い続ける人がいます。",6
3,3-3,065,3-3-065.mp3,"会社が支給する器具は、規格を満たし、点検の履歴が残るものです。",6
3,3-3,066,3-3-066.mp3,"会社に管理されていない器具は、いざというときに責任の所在も分かりません。",7
3,3-3,067,3-3-067.mp3,"支給されたものを、正しく着けて、点検して使う。それが自分を守る一番確実な方法です。",8
3,3-3,068,3-3-068.mp3,"この単元のまとめです。",2
3,3-3,069,3-3-069.mp3,"保護具は、危険を無くす設備の代わりにはならない。設備が先、保護具は最後の備え。",8
3,3-3,070,3-3-070.mp3,"保護帽は、あごひもを締める。内装の空間を潰さない。強い衝撃を受けたら交換する。",8
3,3-3,071,3-3-071.mp3,"墜落制止用器具は、原則フルハーネス型。腿のベルトを緩めない。D環は肩甲骨のあいだの高い位置。",9
3,3-3,072,3-3-072.mp3,"落下距離は、ランヤード長とアブソーバの伸びと身長の合計。だから高い位置に掛ける。",8
3,3-3,073,3-3-073.mp3,"二丁掛けを基本に。親綱は一人一本。",3
3,3-3,074,3-3-074.mp3,"使用前点検では、ベルトの摩耗と縫製部、金具の変形、フックの外れ止め、アブソーバの状態を見る。",9
3,3-3,075,3-3-075.mp3,"一度落下を止めた器具は使用をやめる。",4
3,3-3,076,3-3-076.mp3,"次の単元では、感電と熱中症、その他の災害の防止について学びます。",6
3,3-4,001,3-4-001.mp3,"この単元では、感電と熱中症、その他の災害の防止について学びます。",6
3,3-4,002,3-4-002.mp3,"墜落や落下に比べると件数は多くありませんが、起きたときの結果は重いものばかりです。",8
3,3-4,003,3-4-003.mp3,"まず、感電です。",2
3,3-4,004,3-4-004.mp3,"現場の上には、架空電線が通っていることがあります。住宅地では特に低い位置を通っています。",9
3,3-4,005,3-4-005.mp3,"足場の支柱は三・六メートル、手すりも一・八メートルあります。",6
3,3-4,006,3-4-006.mp3,"これを持って起こせば、その先端は自分の背丈のはるか上に届きます。",6
3,3-4,007,3-4-007.mp3,"電線には、直接触れなくても感電することがあります。高い電圧では、近づいただけで放電します。",9
3,3-4,008,3-4-008.mp3,"だから、離隔距離を確保します。電圧に応じて、必要な距離が定められています。",7
3,3-4,009,3-4-009.mp3,"電線が近い現場では、電力会社に連絡して、防護管を取り付けてもらう、あるいは移設を依頼します。",9
3,3-4,010,3-4-010.mp3,"これは事前の段取りです。当日になってから慌てても間に合いません。",6
3,3-4,011,3-4-011.mp3,"作業の際は、部材を起こす前に必ず上を見てください。",5
3,3-4,012,3-4-012.mp3,"下を見て足場を組んでいると、上のことを忘れます。起こした先に何があるか、毎回確認すること。",9
3,3-4,013,3-4-013.mp3,"また、雨の日は特に危険です。濡れた部材は電気を通しやすくなります。",7
3,3-4,014,3-4-014.mp3,"電動工具も感電の原因になります。コードの被覆の破れ、濡れた手での操作、漏電遮断器の無い電源。",9
3,3-4,015,3-4-015.mp3,"使う前にコードを見て、濡れた手では触らない。これを守ってください。",7
3,3-4,016,3-4-016.mp3,"もし感電事故が起きたら、まず電源を切ることです。",5
3,3-4,017,3-4-017.mp3,"感電している人に、そのまま触ってはいけません。触った人も感電します。",7
3,3-4,018,3-4-018.mp3,"電源を切れない場合は、乾いた木や樹脂の棒など、電気を通さない物で引き離します。",8
3,3-4,019,3-4-019.mp3,"そして直ちに救急要請をしてください。感電は、外から見て軽そうでも、体の内部が損傷していることがあります。",10
3,3-4,020,3-4-020.mp3,"現場の上には、架空電線が通っていることがあります。",5
3,3-4,021,3-4-021.mp3,"長い支柱や手摺を立てるとき、その先端が電線に触れれば感電します。離隔距離を確保してください。",9
3,3-4,022,3-4-022.mp3,"電線に近い現場では、防護管の設置や移設を電力会社に依頼します。部材を起こす前に、必ず上を見てください。",10
3,3-4,023,3-4-023.mp3,"夏場は熱中症にも注意が要ります。汗で失われた水分と塩分を補給しないと、体温調節に障害が起きます。",10
3,3-4,024,3-4-024.mp3,"水分と塩分は、作業を始める前からこまめにとってください。喉が渇いてからでは遅いのです。",9
3,3-4,025,3-4-025.mp3,"汗が乾きやすく通気性の良い服装にし、睡眠不足や二日酔い、食欲不振を避ける生活を心がけます。",9
3,3-4,026,3-4-026.mp3,"特に暑さに慣れないうちは、無理を控えて慎重に行動してください。",6
3,3-4,027,3-4-027.mp3,"自分や仲間の身体に異常を感じたら、すぐに職長や一緒に作業する仲間に報告すること。我慢は危険です。",10
3,3-4,028,3-4-028.mp3,"次に、熱中症です。",2
3,3-4,029,3-4-029.mp3,"夏の高温多湿の炎天下で長時間作業していると、体は汗を出して熱を逃がそうとします。",8
3,3-4,030,3-4-030.mp3,"しかし、冷却が追いつかない、あるいは汗で失われた水分と塩分を補給しないと、体温調節に障害が起きます。",10
3,3-4,031,3-4-031.mp3,"これが熱中症です。",2
3,3-4,032,3-4-032.mp3,"足場の上は、地上より条件が悪くなります。",4
3,3-4,033,3-4-033.mp3,"鉄の部材は太陽で熱くなり、シートを張っていれば風が通りません。日陰もありません。",8
3,3-4,034,3-4-034.mp3,"予防の基本は三つです。",2
3,3-4,035,3-4-035.mp3,"一つ目、水分と塩分を、作業を始める前からこまめにとること。喉が渇いてからでは遅い。",8
3,3-4,036,3-4-036.mp3,"スポーツドリンクなど、塩分を含むものが有効です。水だけでは足りません。",7
3,3-4,037,3-4-037.mp3,"二つ目、休憩を取り、体を涼ませること。休憩時間は、涼しい場所で体を冷やすことに使ってください。",9
3,3-4,038,3-4-038.mp3,"三つ目、体調を整えること。睡眠不足、疲労の蓄積、二日酔い、食欲不振。これらは熱中症の危険を高めます。",10
3,3-4,039,3-4-039.mp3,"服装も大事です。汗が乾きやすく、通気性の良い素材のものを選んでください。",7
3,3-4,040,3-4-040.mp3,"そして、暑さに慣れないうちは特に注意が要ります。",5
3,3-4,041,3-4-041.mp3,"梅雨明け直後や、久しぶりに現場に出た日が最も危ない。無理を控え、慎重に行動してください。",9
3,3-4,042,3-4-042.mp3,"症状が出たときの対応も知っておいてください。",4
3,3-4,043,3-4-043.mp3,"めまい、立ちくらみ、筋肉のけいれん、大量の発汗。これらは初期の症状です。",7
3,3-4,044,3-4-044.mp3,"頭痛、吐き気、体がだるい、力が入らない。ここまで来ると、自力での回復は難しくなります。",9
3,3-4,045,3-4-045.mp3,"返事がおかしい、まっすぐ歩けない、意識がはっきりしない。これは重症です。すぐに救急要請をしてください。",10
3,3-4,046,3-4-046.mp3,"そして最も大事なのは、異常を感じたら、すぐに職長や一緒に作業する仲間に報告することです。",9
3,3-4,047,3-4-047.mp3,"自分では判断できなくなるのが、熱中症の怖いところです。",5
3,3-4,048,3-4-048.mp3,"だから、周りの人が気づくことも大事です。いつもと様子が違う人がいたら、声を掛けてください。",9
3,3-4,049,3-4-049.mp3,"我慢は美徳ではありません。倒れてからでは遅いのです。",5
3,3-4,050,3-4-050.mp3,"その他の災害についても、簡単に触れておきます。",5
3,3-4,051,3-4-051.mp3,"冬場は、踏板や手すりが凍ります。前日の雨が、朝には氷になっています。",7
3,3-4,052,3-4-052.mp3,"手袋が滑り、体もこわばります。冬の朝の動き始めが、最も危ない時間帯です。",7
3,3-4,053,3-4-053.mp3,"粉じんや騒音も、作業環境の問題です。切断作業では防じんマスクを、騒音下では耳栓を使ってください。",10
3,3-4,054,3-4-054.mp3,"腰痛にも注意が必要です。重い部材を持ち上げるときは、腰を落として、体に近づけて持つ。",8
3,3-4,055,3-4-055.mp3,"無理な姿勢でひねりながら持ち上げるのが、最も腰を痛めます。",6
3,3-4,056,3-4-056.mp3,"そして、けがをしたら必ず報告してください。",4
3,3-4,057,3-4-057.mp3,"軽いから黙っておく、という判断が、後で大きな問題になります。",6
3,3-4,058,3-4-058.mp3,"この単元のまとめです。",2
3,3-4,059,3-4-059.mp3,"架空電線には近づかない。離隔距離を確保し、防護管の設置や移設を依頼する。部材を起こす前に上を見る。",10
3,3-4,060,3-4-060.mp3,"感電した人には直接触れない。電源を切るか、電気を通さない物で引き離し、直ちに救急要請する。",9
3,3-4,061,3-4-061.mp3,"熱中症は、作業前からの水分と塩分の補給、休憩、体調管理で防ぐ。",6
3,3-4,062,3-4-062.mp3,"異常を感じたらすぐ報告する。周りの人も、様子の違いに気づいたら声を掛ける。",7
3,3-4,063,3-4-063.mp3,"次の科目では、関係法令について学びます。",4
4,4-1,001,4-1-001.mp3,"この科目では、足場の作業に関わる法令を確認します。",5
4,4-1,002,4-1-002.mp3,"法令と聞くと、覚えることが多くて面倒だと感じるかもしれません。",6
4,4-1,003,4-1-003.mp3,"しかし、ここまでの科目で学んだ内容は、ほとんどが法令に根拠を持っています。",7
4,4-1,004,4-1-004.mp3,"手すりの高さも、作業床の幅も、点検の時期も、すべて条文に書かれています。",7
4,4-1,005,4-1-005.mp3,"この科目は、新しいことを覚える科目ではありません。",5
4,4-1,006,4-1-006.mp3,"これまで学んだことが、どこに書かれているのかを確認する科目です。",6
4,4-1,007,4-1-007.mp3,"まず、法令の仕組みから説明します。",3
4,4-1,008,4-1-008.mp3,"日本の労働安全に関する決まりは、階層になっています。",5
4,4-1,009,4-1-009.mp3,"一番上が、法律です。労働安全衛生法、略して安衛法。",5
4,4-1,010,4-1-010.mp3,"国会で決められるもので、大きな枠組みと、事業者の義務の骨格を定めています。",7
4,4-1,011,4-1-011.mp3,"その下が、政令です。労働安全衛生法施行令。",4
4,4-1,012,4-1-012.mp3,"法律で定めた事項のうち、どの範囲に適用するかを具体的に示します。",6
4,4-1,013,4-1-013.mp3,"さらにその下が、省令です。労働安全衛生規則、略して安衛則。",6
4,4-1,014,4-1-014.mp3,"実際の現場で守るべき具体的な基準は、ほとんどがここに書かれています。",7
4,4-1,015,4-1-015.mp3,"手すりの高さも、作業床の幅も、点検の項目も、安衛則の中にあります。",7
4,4-1,016,4-1-016.mp3,"そして、その下に告示や通達があります。",4
4,4-1,017,4-1-017.mp3,"告示は、より細かい技術的な基準を定めたもの。",4
4,4-1,018,4-1-018.mp3,"通達は、行政が解釈や運用の考え方を示したものです。",5
4,4-1,019,4-1-019.mp3,"手すり先行工法に関するガイドラインなども、この階層に位置します。",6
4,4-1,020,4-1-020.mp3,"現場で「法律で決まっている」と言うとき、その多くは安衛則のことを指しています。",8
4,4-1,021,4-1-021.mp3,"では、特別教育の根拠を確認します。",3
4,4-1,022,4-1-022.mp3,"労働安全衛生法第五十九条第三項。",3
4,4-1,023,4-1-023.mp3,"事業者は、危険または有害な業務に労働者を就かせるときは、特別の教育を行わなければならない、と定められています。",11
4,4-1,024,4-1-024.mp3,"そして、どの業務が対象になるかを示しているのが、労働安全衛生規則第三十六条です。",8
4,4-1,025,4-1-025.mp3,"その第三十九号に、足場の組立て、解体または変更の作業に係る業務が挙げられています。",8
4,4-1,026,4-1-026.mp3,"この規定は、平成二十七年七月一日から施行されました。",5
4,4-1,027,4-1-027.mp3,"足場からの墜落・転落災害を防止するため、規則が改正されたことによるものです。",8
4,4-1,028,4-1-028.mp3,"対象から除かれるのは、地上または堅固な床上における補助作業の業務です。",7
4,4-1,029,4-1-029.mp3,"ここでいう補助作業とは、地上や堅固な床の上での材料の運搬や整理などをいいます。",8
4,4-1,030,4-1-030.mp3,"足場材の緊結や取り外しの作業、そして足場の上での補助作業は、除外に含まれません。",8
4,4-1,031,4-1-031.mp3,"つまり、足場に上がって何かをするなら、特別教育が必要だということです。",7
4,4-1,032,4-1-032.mp3,"なお、次の者については、科目について十分な知識と経験があると認められ、全ての科目を省略できるとされています。",11
4,4-1,033,4-1-033.mp3,"足場の組立て等作業主任者。一級または二級のとび技能士。とび科の職業訓練指導員免許を持つ者。",9
4,4-1,034,4-1-034.mp3,"これらに該当しない限り、教育を受けずに作業に就くことはできません。",7
4,4-1,035,4-1-035.mp3,"この科目では、足場の作業に関わる法令を確認します。",5
4,4-1,036,4-1-036.mp3,"足場の組立て、解体、または変更の作業に係る業務は、特別教育の対象とされています。",8
4,4-1,037,4-1-037.mp3,"根拠は、労働安全衛生法第五十九条第三項と、労働安全衛生規則第三十六条第三十九号です。",8
4,4-1,038,4-1-038.mp3,"平成二十七年七月一日から義務づけられました。足場からの墜落災害を防ぐための規則改正に伴うものです。",10
4,4-1,039,4-1-039.mp3,"対象から除かれるのは、地上または堅固な床の上における補助作業の業務です。",7
4,4-1,040,4-1-040.mp3,"ここでいう補助作業とは、地上や堅固な床の上での材料の運搬や整理などをいいます。",8
4,4-1,041,4-1-041.mp3,"足場材の緊結や取り外しの作業、そして足場の上での補助作業は、除外に含まれません。つまり特別教育が必要です。",11
4,4-1,042,4-1-042.mp3,"なお、次の者は科目について十分な知識と経験があると認められ、全ての科目を省略できるとされています。",10
4,4-1,043,4-1-043.mp3,"足場の組立て等作業主任者、一級または二級のとび技能士、とび科の職業訓練指導員免許を持つ者です。",9
4,4-1,044,4-1-044.mp3,"これとは別に、作業主任者を選任すべき作業があります。労働安全衛生法施行令第六条に定められています。",10
4,4-1,045,4-1-045.mp3,"つり足場、ゴンドラのつり足場を除きます。それから張出し足場。そして高さ五メートル以上の構造の足場の組立て、解体、変更の作業です。",13
4,4-1,046,4-1-046.mp3,"これらの作業は、特別教育の修了者だけでは行えません。",5
4,4-1,047,4-1-047.mp3,"作業主任者を選任しない作業でも、墜落の危険があるときは、作業指揮者を定めます。安衛則第五百二十九条です。",10
4,4-1,048,4-1-048.mp3,"事業者は、作業を指揮する者を指名して直接指揮させ、作業の方法と順序をあらかじめ作業者に周知させなければなりません。",11
4,4-1,049,4-1-049.mp3,"作業者は、作業主任者または作業指揮者の指揮に従って作業を行います。",7
4,4-1,050,4-1-050.mp3,"作業手順の遵守、保護具の着用と使用の遵守、そして不安全行動をしないこと。これが基本になります。",9
4,4-1,051,4-1-051.mp3,"次に、作業主任者と作業指揮者です。",3
4,4-1,052,4-1-052.mp3,"労働安全衛生法施行令第六条に、作業主任者を選任すべき作業が列挙されています。",8
4,4-1,053,4-1-053.mp3,"足場に関するものは、つり足場、ゴンドラのつり足場を除きます。",6
4,4-1,054,4-1-054.mp3,"それから張出し足場。そして高さが五メートル以上の構造の足場の組立て、解体または変更の作業です。",9
4,4-1,055,4-1-055.mp3,"これらの作業では、足場の組立て等作業主任者技能講習を修了した者から、作業主任者を選任しなければなりません。",11
4,4-1,056,4-1-056.mp3,"作業主任者には、職務が定められています。",4
4,4-1,057,4-1-057.mp3,"材料の欠点の有無を点検し、不良品を取り除くこと。",5
4,4-1,058,4-1-058.mp3,"器具、工具、要求性能墜落制止用器具、保護帽の機能を点検し、不良品を取り除くこと。",8
4,4-1,059,4-1-059.mp3,"作業の方法および労働者の配置を決定し、作業の進行状況を監視すること。",7
4,4-1,060,4-1-060.mp3,"そして、要求性能墜落制止用器具および保護帽の使用状況を監視することです。",7
4,4-1,061,4-1-061.mp3,"つまり、指示を出すだけでなく、見張る役目も負っています。",6
4,4-1,062,4-1-062.mp3,"一方、作業主任者を選任しない作業でも、墜落の危険があるときは作業指揮者を定めます。",8
4,4-1,063,4-1-063.mp3,"労働安全衛生規則第五百二十九条です。",4
4,4-1,064,4-1-064.mp3,"事業者は、作業を指揮する者を指名して直接指揮させ、作業の方法と順序をあらかじめ作業者に周知させなければなりません。",11
4,4-1,065,4-1-065.mp3,"ここで大事なのは、特別教育を修了しても、作業主任者にはなれないということです。",8
4,4-1,066,4-1-066.mp3,"作業主任者は技能講習の修了者から選ばれます。別の資格だと理解してください。",7
4,4-1,067,4-1-067.mp3,"続いて、足場に関する主な条項を確認します。",4
4,4-1,068,4-1-068.mp3,"まず、材料についてです。安衛則には、著しい損傷、変形または腐食のある材料を使用してはならないと定められています。",11
4,4-1,069,4-1-069.mp3,"次に、作業床です。高さ二メートル以上の作業場所には、作業床を設けなければなりません。",8
4,4-1,070,4-1-070.mp3,"その作業床の幅は四十センチメートル以上、床材間のすき間は三センチメートル以下。",8
4,4-1,071,4-1-071.mp3,"床材と建地とのすき間は十二センチメートル未満とされています。",6
4,4-1,072,4-1-072.mp3,"そして、墜落の危険のある箇所には、手すりと中さん等を設けます。手すりは高さ八十五センチメートル以上です。",10
4,4-1,073,4-1-073.mp3,"作業の必要上、臨時にこれらを取り外したときは、その箇所への立入りを禁止し、作業終了後は直ちに元に戻さなければなりません。",12
4,4-1,074,4-1-074.mp3,"次に、足場の組立て等の作業についてです。",4
4,4-1,075,4-1-075.mp3,"事業者は、組立て等の時期、範囲および順序を作業者に周知させること。",7
4,4-1,076,4-1-076.mp3,"作業を行う区域内には、関係労働者以外の立入りを禁止すること。",6
4,4-1,077,4-1-077.mp3,"悪天候のため危険が予想されるときは、作業を中止すること。",6
4,4-1,078,4-1-078.mp3,"足場材の緊結、取り外し、受け渡し等の作業では、幅四十センチメートル以上の作業床を設けること。",9
4,4-1,079,4-1-079.mp3,"そして、墜落制止用器具を取り付ける設備を設け、使用させること。",6
4,4-1,080,4-1-080.mp3,"材料等を上げ下ろしするときは、つり綱、つり袋等を使用させること。",6
4,4-1,081,4-1-081.mp3,"これらが定められています。ここまでの科目で学んだ内容そのものです。",7
4,4-1,082,4-1-082.mp3,"次に、点検です。",2
4,4-1,083,4-1-083.mp3,"足場を組み立て、一部を解体し、または変更した後、作業を開始する前に点検すること。",8
4,4-1,084,4-1-084.mp3,"その日の作業を開始する前に点検すること。",4
4,4-1,085,4-1-085.mp3,"強風、大雨、大雪等の悪天候の後、中震以上の地震の後にも点検すること。",7
4,4-1,086,4-1-086.mp3,"そして、点検の結果、講じた措置の内容、点検者の氏名を記録し、足場を使用する作業を行う仕事が終了するまで保存することとされています。",13
4,4-1,087,4-1-087.mp3,"悪天候時の作業については、高さ二メートル以上の箇所での作業を禁止する規定があります。",8
4,4-1,088,4-1-088.mp3,"さらに、注文者にも義務があります。",3
4,4-1,089,4-1-089.mp3,"足場を請負人の労働者に使用させる注文者は、その足場について点検し、危険のおそれがあるときは速やかに修理しなければなりません。",12
4,4-1,090,4-1-090.mp3,"元請が組んだ足場を下請が使う場合、元請にも点検の義務があるということです。",7
4,4-1,091,4-1-091.mp3,"最後に、罰則と監督についてお話しします。",4
4,4-1,092,4-1-092.mp3,"労働安全衛生法に違反した場合、罰則が定められています。",5
4,4-1,093,4-1-093.mp3,"違反の内容によって、懲役または罰金が科されます。",5
4,4-1,094,4-1-094.mp3,"そして、行政による監督もあります。",3
4,4-1,095,4-1-095.mp3,"労働基準監督署の監督官は、事業場に立ち入り、書類を検査し、関係者に質問する権限を持っています。",9
4,4-1,096,4-1-096.mp3,"違反があれば是正勧告が出され、危険が切迫していれば使用停止命令や作業停止命令が出されます。",9
4,4-1,097,4-1-097.mp3,"命令が出れば、現場は止まります。工期は遅れ、損害が発生します。",6
4,4-1,098,4-1-098.mp3,"また、重大な災害を起こした事業者は、公表されることもあります。",6
4,4-1,099,4-1-099.mp3,"法令は、守らなければ罰せられるから守るもの、と考えるのは少し寂しい話です。",7
4,4-1,100,4-1-100.mp3,"しかし、罰則があるということは、それだけ重い義務だという意味でもあります。",7
4,4-1,101,4-1-101.mp3,"そして、法令に書かれている基準は、最低限の基準です。",5
4,4-1,102,4-1-102.mp3,"これを守っていれば絶対に安全、というものではありません。",6
4,4-1,103,4-1-103.mp3,"現場の状況に応じて、より安全な措置をとることが求められています。",6
4,4-1,104,4-1-104.mp3,"法令の使い方についても触れておきます。",4
4,4-1,105,4-1-105.mp3,"全部を暗記する必要はありません。現場で必要になったときに、調べられればいい。",8
4,4-1,106,4-1-106.mp3,"厚生労働省の法令検索や、電子政府の総合窓口で、条文はいつでも読めます。",7
4,4-1,107,4-1-107.mp3,"大事なのは、これは法令で決まっていることなのかどうか、を判断できることです。",8
4,4-1,108,4-1-108.mp3,"会社の決まりなのか、現場のやり方なのか、それとも法令なのか。",6
4,4-1,109,4-1-109.mp3,"法令で決まっていることは、話し合いで変えられません。",5
4,4-1,110,4-1-110.mp3,"「今回だけ」が通用しないのが、法令です。",4
4,4-1,111,4-1-111.mp3,"そして、条文の番号は改正で変わることがあります。",5
4,4-1,112,4-1-112.mp3,"数字を覚えるより、どんなことが定められているかを覚えてください。",6
4,4-1,113,4-1-113.mp3,"法令について、現場でよくある誤解も挙げておきます。",5
4,4-1,114,4-1-114.mp3,"一つ目、「うちは小さい現場だから関係ない」。",4
4,4-1,115,4-1-115.mp3,"安衛法に、現場の規模による除外はありません。一人で作業する現場でも、義務は同じです。",8
4,4-1,116,4-1-116.mp3,"二つ目、「元請が言わないからやらなくていい」。",5
4,4-1,117,4-1-117.mp3,"事業者としての義務は、自社の労働者に対して自社が負います。元請の指示の有無とは別の話です。",9
4,4-1,118,4-1-118.mp3,"三つ目、「昔からこうやってきた」。",3
4,4-1,119,4-1-119.mp3,"法令は改正されます。平成二十七年に特別教育が義務化されたのも、その一つです。",8
4,4-1,120,4-1-120.mp3,"昔は不要だったことが、いまは必要になっている。それを知らないままでは守れません。",8
4,4-1,121,4-1-121.mp3,"四つ目、「資格を持っているから大丈夫」。",4
4,4-1,122,4-1-122.mp3,"資格は、その作業に就く条件を満たしているという意味です。安全を保証するものではありません。",9
4,4-1,123,4-1-123.mp3,"作業主任者を選任していても、その人が現場を見ていなければ意味がありません。",7
4,4-1,124,4-1-124.mp3,"この四つは、どれも実際の現場で聞かれる言葉です。",5
4,4-1,125,4-1-125.mp3,"そして、どれも災害が起きた後に、通用しなかった言葉でもあります。",6
4,4-1,126,4-1-126.mp3,"この単元のまとめです。",2
4,4-1,127,4-1-127.mp3,"法令は階層になっている。法律、政令、省令、そして告示と通達。現場の基準の多くは安衛則にある。",9
4,4-1,128,4-1-128.mp3,"特別教育の根拠は、安衛法第五十九条第三項と、安衛則第三十六条第三十九号。平成二十七年七月一日施行。",10
4,4-1,129,4-1-129.mp3,"除かれるのは、地上または堅固な床上での補助作業のみ。足場に上がって作業するなら教育が要る。",9
4,4-1,130,4-1-130.mp3,"全科目を省略できるのは、作業主任者、一級・二級とび技能士、とび科の職業訓練指導員免許取得者。",9
4,4-1,131,4-1-131.mp3,"つり足場、張出し足場、高さ五メートル以上の足場の組立て等では、作業主任者を選任する。",8
4,4-1,132,4-1-132.mp3,"特別教育を修了しても、作業主任者にはなれない。作業主任者は技能講習の修了者から選任される。",9
4,4-1,133,4-1-133.mp3,"作業主任者を選任しない作業でも、墜落の危険があるときは作業指揮者を定める。",7
4,4-1,134,4-1-134.mp3,"作業床、手すり、点検、悪天候時の作業禁止。これまで学んだ内容は、すべて条文に根拠がある。",9
4,4-1,135,4-1-135.mp3,"注文者にも点検の義務がある。",3
4,4-1,136,4-1-136.mp3,"法令の基準は最低限。守っていれば絶対に安全、ということではない。",6
4,4-1,137,4-1-137.mp3,"次の単元では、事業者と作業者の義務、そして企業の責任について学びます。",7
4,4-1,138,4-1-138.mp3,"法令の話は以上です。",2
4,4-1,139,4-1-139.mp3,"条文の番号を覚える必要はありません。",4
4,4-1,140,4-1-140.mp3,"どんなことが定められているか、そしてそれがなぜ定められたのかを覚えてください。",8
4,4-2,001,4-2-001.mp3,"この単元では、事業者と作業者の義務、そして労働災害が起きたときの責任について学びます。",9
4,4-2,002,4-2-002.mp3,"法令の話の最後に、なぜ守らなければならないのか、という部分を確認します。",7
4,4-2,003,4-2-003.mp3,"まず、義務の所在です。",2
4,4-2,004,4-2-004.mp3,"特別教育を行う義務は、事業者にあります。労働安全衛生法第五十九条第三項に定められています。",9
4,4-2,005,4-2-005.mp3,"社外の教育機関を使った場合でも、実施の責任は事業者が負います。外注しても義務は移りません。",9
4,4-2,006,4-2-006.mp3,"事業者には、このほかにも多くの義務があります。",5
4,4-2,007,4-2-007.mp3,"作業床を設ける。手すり等を設ける。点検を行う。悪天候時に作業をさせない。作業主任者を選任する。",9
4,4-2,008,4-2-008.mp3,"これらはすべて、事業者が講じなければならない措置です。",5
4,4-2,009,4-2-009.mp3,"一方、作業者にも義務があります。",3
4,4-2,010,4-2-010.mp3,"事業者が講じた措置に応じて、必要な事項を守らなければならないと定められています。",8
4,4-2,011,4-2-011.mp3,"具体的には、定められた保護具を使用すること。合図と作業手順に従うこと。",7
4,4-2,012,4-2-012.mp3,"立入禁止の場所に入らないこと。危険な行為をしないこと。",5
4,4-2,013,4-2-013.mp3,"設備を用意するのが事業者、それを正しく使うのが作業者。両方そろって初めて安全になります。",9
4,4-2,014,4-2-014.mp3,"手すりが設けられていても、それを外して戻さなければ意味がありません。",7
4,4-2,015,4-2-015.mp3,"墜落制止用器具が支給されていても、フックを掛けなければ意味がありません。",7
4,4-2,016,4-2-016.mp3,"最後に、義務と責任について確認します。",4
4,4-2,017,4-2-017.mp3,"特別教育を行う義務は、事業者にあります。社外の機関を使った場合でも、実施の責任は事業者が負います。",10
4,4-2,018,4-2-018.mp3,"作業者にも義務があります。定められた保護具を使用し、合図と作業手順に従うことです。",8
4,4-2,019,4-2-019.mp3,"労働災害が起きたとき、企業は四つの責任を問われます。刑事責任、民事責任、行政責任、社会的責任です。",10
4,4-2,020,4-2-020.mp3,"刑事責任は、労働安全衛生法違反や、刑法の業務上過失致死傷罪。個人と会社の両方が問われます。",9
4,4-2,021,4-2-021.mp3,"民事責任は、安全配慮義務違反や不法行為による賠償責任です。",6
4,4-2,022,4-2-022.mp3,"行政責任は、使用停止や操業停止、指名停止など。社会的責任は、信用の失墜です。",8
4,4-2,023,4-2-023.mp3,"重大災害が起きたとき、まず問われるのは、現場で危険防止措置を実行する立場にある監督者です。",9
4,4-2,024,4-2-024.mp3,"だからこそ、指示された手順を守ることが、自分と仲間、そして会社を守ることになります。",8
4,4-2,025,4-2-025.mp3,"特別教育の記録は保存します。受講者、科目、時間を残し、誰が、いつ、何時間受けたかを示せるようにします。",10
4,4-2,026,4-2-026.mp3,"インターネットを使った教育で行う場合も、法定の科目、時間、講師の要件を満たす必要があります。",9
4,4-2,027,4-2-027.mp3,"そのうえで、受講した事実を、教育を実施する者が確認できることが求められます。この講座で在席確認を行っているのは、そのためです。",13
4,4-2,028,4-2-028.mp3,"次に、労働災害が起きたときの責任についてお話しします。",5
4,4-2,029,4-2-029.mp3,"災害が発生すると、企業は四つの責任を問われます。四重責任と呼ばれます。",7
4,4-2,030,4-2-030.mp3,"一つ目は、刑事責任です。",2
4,4-2,031,4-2-031.mp3,"労働安全衛生法に違反していれば、その罰則が適用されます。",6
4,4-2,032,4-2-032.mp3,"また、必要な注意を怠って人を死傷させれば、刑法の業務上過失致死傷罪に問われることがあります。",9
4,4-2,033,4-2-033.mp3,"刑事責任は、会社だけでなく、個人も問われます。",5
4,4-2,034,4-2-034.mp3,"二つ目は、民事責任です。",2
4,4-2,035,4-2-035.mp3,"事業者には、労働者が安全に働けるよう配慮する義務があります。安全配慮義務といいます。",8
4,4-2,036,4-2-036.mp3,"これを怠って災害が起きれば、損害賠償を請求されます。",5
4,4-2,037,4-2-037.mp3,"三つ目は、行政責任です。",2
4,4-2,038,4-2-038.mp3,"労働基準監督署による使用停止命令、作業停止命令。建設業法に基づく指名停止や営業停止。",8
4,4-2,039,4-2-039.mp3,"現場が止まるだけでなく、次の仕事が取れなくなります。",5
4,4-2,040,4-2-040.mp3,"四つ目は、社会的責任です。",3
4,4-2,041,4-2-041.mp3,"報道され、信用を失う。取引先から契約を打ち切られる。人が集まらなくなる。",7
4,4-2,042,4-2-042.mp3,"この四つの中で、実は最も会社を苦しめるのが、三つ目と四つ目です。",6
4,4-2,043,4-2-043.mp3,"そして、重大な災害が起きたとき、刑事責任をまず問われるのは誰か。",6
4,4-2,044,4-2-044.mp3,"安衛法では事業者の責任が問われますが、監督者、つまり職長などは、事業者責任を現場で実行する立場にあります。",11
4,4-2,045,4-2-045.mp3,"したがって、監督者は現場における危険防止措置の実行義務者となります。",7
4,4-2,046,4-2-046.mp3,"重大災害が発生したとき、まず職長など現場の監督者が被告となる。これが実際です。",8
4,4-2,047,4-2-047.mp3,"指示を出した人が問われる。だから、正しい指示を出せる知識が要るのです。",7
4,4-2,048,4-2-048.mp3,"記録についても確認します。",3
4,4-2,049,4-2-049.mp3,"特別教育を行ったときは、その記録を作成し、保存しなければならないとされています。",8
4,4-2,050,4-2-050.mp3,"残すのは、受講者、科目、時間、実施年月日、そして講師です。",6
4,4-2,051,4-2-051.mp3,"なぜ記録が必要なのか。",2
4,4-2,052,4-2-052.mp3,"災害が起きたとき、まず問われるのは、必要な措置を講じていたかどうかです。",7
4,4-2,053,4-2-053.mp3,"教育を行っていたか。点検をしていたか。作業主任者を選任していたか。",7
4,4-2,054,4-2-054.mp3,"記録があれば、それを示せます。記録がなければ、やっていなかったと同じに扱われます。",8
4,4-2,055,4-2-055.mp3,"実際にやっていても、証明できなければ意味がありません。",5
4,4-2,056,4-2-056.mp3,"だから、記録は面倒な事務作業ではなく、自分たちの仕事を証明する手段なのです。",8
4,4-2,057,4-2-057.mp3,"そして、インターネットを使った教育で行う場合についても触れておきます。",7
4,4-2,058,4-2-058.mp3,"法定の科目の範囲、教育時間、そして講師の要件を満たす必要があります。",7
4,4-2,059,4-2-059.mp3,"そのうえで、受講した事実を、教育を実施する者が確認できることが求められます。",8
4,4-2,060,4-2-060.mp3,"この講座で在席確認を行い、視聴時間を記録しているのは、そのためです。",7
4,4-2,061,4-2-061.mp3,"皆さんが押している確認のボタンは、記録として残ります。",5
4,4-2,062,4-2-062.mp3,"義務と責任の話を、もう少し具体的にします。",4
4,4-2,063,4-2-063.mp3,"特別教育を受けさせずに作業させて災害が起きた場合、どうなるか。",6
4,4-2,064,4-2-064.mp3,"まず、教育を実施していなかったことが、労働安全衛生法違反として問われます。",7
4,4-2,065,4-2-065.mp3,"そのうえで、墜落防止措置がとられていなければ、それも別の違反として問われます。",8
4,4-2,066,4-2-066.mp3,"違反が重なれば、会社と現場の監督者が書類送検されることになります。",7
4,4-2,067,4-2-067.mp3,"そして、遺族からは安全配慮義務違反として損害賠償を請求されます。",6
4,4-2,068,4-2-068.mp3,"労働基準監督署からは作業停止命令が出て、現場が止まります。",6
4,4-2,069,4-2-069.mp3,"報道されれば、元請から取引を打ち切られることもあります。",6
4,4-2,070,4-2-070.mp3,"一つの災害で、これだけのことが同時に起きます。",5
4,4-2,071,4-2-071.mp3,"逆に言えば、教育を行い、記録を残し、設備を設けていれば、その多くは防げます。",8
4,4-2,072,4-2-072.mp3,"皆さんがいまこの講座を受けているのは、その第一歩だということです。",7
4,4-2,073,4-2-073.mp3,"そしてもう一つ、新規入場者への教育についても触れておきます。",6
4,4-2,074,4-2-074.mp3,"経験の有無にかかわらず、その現場に初めて入る人には、現場のルールを説明します。",8
4,4-2,075,4-2-075.mp3,"どこが昇降路か、どこが立入禁止か、避難経路はどこか、誰に報告するのか。",7
4,4-2,076,4-2-076.mp3,"現場ごとに違うことは、その現場で伝えるしかありません。",5
4,4-2,077,4-2-077.mp3,"「見て覚えろ」では、覚える前に事故が起きます。",5
4,4-2,078,4-2-078.mp3,"教える側になったときも、このことを思い出してください。",5
4,4-2,079,4-2-079.mp3,"最後に、皆さん自身の記録についてもお伝えしておきます。",5
4,4-2,080,4-2-080.mp3,"この特別教育を修了すると、修了証が交付されます。",5
4,4-2,081,4-2-081.mp3,"修了証は、事業者名義で発行されます。実施の主体が事業者だからです。",7
4,4-2,082,4-2-082.mp3,"転職する際や、元請から提示を求められる際に必要になります。",6
4,4-2,083,4-2-083.mp3,"紛失しないよう保管してください。会社にも記録が残っていますが、手元にあるほうが確実です。",9
4,4-2,084,4-2-084.mp3,"そして、特別教育を修了したからといって、作業主任者になれるわけではありません。",8
4,4-2,085,4-2-085.mp3,"作業主任者は、技能講習を修了した者から選任されます。",5
4,4-2,086,4-2-086.mp3,"つり足場、張出し足場、高さ五メートル以上の足場の組立て等では、作業主任者の選任が必要です。",9
4,4-2,087,4-2-087.mp3,"これらの作業は、特別教育の修了者だけでは行えません。",5
4,4-2,088,4-2-088.mp3,"次のステップとして、技能講習やとび技能士を目指す道もあります。",6
4,4-2,089,4-2-089.mp3,"この教育は、その入口です。",3
4,4-2,090,4-2-090.mp3,"ここで学んだことを土台にして、現場で経験を積んでいってください。",6
4,4-2,091,4-2-091.mp3,"それでは、この教育全体を振り返ります。",4
4,4-2,092,4-2-092.mp3,"科目一では、足場の種類と材料、構造、組立図、そして組立て・解体・変更の作業の方法を学びました。",9
4,4-2,093,4-2-093.mp3,"点検と補修、登り桟橋と朝顔についても確認しました。",5
4,4-2,094,4-2-094.mp3,"科目二では、クレーンなどの工事用設備、器具と工具、そして悪天候時の作業について学びました。",9
4,4-2,095,4-2-095.mp3,"科目三では、墜落、飛来落下と倒壊、保護具、感電と熱中症について学びました。",7
4,4-2,096,4-2-096.mp3,"そして科目四で、関係法令と、事業者・作業者それぞれの義務を確認しました。",7
4,4-2,097,4-2-097.mp3,"六時間かけて学んだ内容は、どれも過去の災害から生まれたものです。",6
4,4-2,098,4-2-098.mp3,"手すりの高さも、すき間の寸法も、点検の時期も、誰かが落ちた後に決められました。",8
4,4-2,099,4-2-099.mp3,"つまり、この基準を守るということは、その人たちの経験を無駄にしないということです。",8
4,4-2,100,4-2-100.mp3,"最後に一つだけ、お願いがあります。",3
4,4-2,101,4-2-101.mp3,"明日、現場に着いたら、上がる前に足場を見上げてください。",6
4,4-2,102,4-2-102.mp3,"手すりは付いているか。床は固定されているか。脚は沈んでいないか。",6
4,4-2,103,4-2-103.mp3,"今日学んだ目で見れば、これまで見えなかったものが見えるはずです。",6
4,4-2,104,4-2-104.mp3,"そして、気づいたことがあれば、声に出してください。",5
4,4-2,105,4-2-105.mp3,"知っている人が黙っている現場が、いちばん危ない現場です。",6
4,4-2,106,4-2-106.mp3,"この単元のまとめです。",2
4,4-2,107,4-2-107.mp3,"特別教育を行う義務は事業者にある。外注しても責任は移らない。",6
4,4-2,108,4-2-108.mp3,"作業者にも義務がある。保護具の使用、合図と手順の遵守、立入禁止の遵守。",7
4,4-2,109,4-2-109.mp3,"労働災害が起きると、刑事、民事、行政、社会的の四つの責任を問われる。",7
4,4-2,110,4-2-110.mp3,"刑事責任は個人も問われ、重大災害では現場の監督者がまず被告となる。",7
4,4-2,111,4-2-111.mp3,"教育の記録は、受講者、科目、時間、年月日、講師を残して保存する。",6
4,4-2,112,4-2-112.mp3,"記録がなければ、やっていなかったと同じに扱われる。",5
4,4-2,113,4-2-113.mp3,"これで、足場の組立て等の業務に係る特別教育の全科目が終わります。",6
4,4-2,114,4-2-114.mp3,"最後に、修了試験を受けてください。",3
4,4-2,115,4-2-115.mp3,"そして明日から、この内容を現場で使ってください。知っているだけでは、人は守れません。",8
4,4-2,116,4-2-116.mp3,"ここまで受講いただき、ありがとうございました。",5
4,4-2,117,4-2-117.mp3,"足場は、正しく組めば人を守り、間違えれば人を殺す構造物です。",6
4,4-2,118,4-2-118.mp3,"その差を分けるのは、特別な才能ではありません。",5
4,4-2,119,4-2-119.mp3,"知っていることと、それを毎日実行すること。それだけです。",6
4,4-2,120,4-2-120.mp3,"以上で、足場の組立て等の業務に係る特別教育の全科目を終了します。",6
4,4-2,121,4-2-121.mp3,"お疲れさまでした。",2
4,4-2,122,4-2-122.mp3,"この後、修了試験に進んでください。",3
